Date,Price,Open,High,Low,Change %
6-Jan-80,2.2573,2.2573,2.2573,2.2573,0.90%
13-Jan-80,2.2815,2.2815,2.2815,2.2815,1.07%
20-Jan-80,2.2748,2.2748,2.2748,2.2748,-0.29%
27-Jan-80,2.2774,2.2774,2.2774,2.2774,0.11%
3-Feb-80,2.2978,2.2978,2.2978,2.2978,0.90%
10-Feb-80,2.301,2.301,2.301,2.301,0.14%
17-Feb-80,2.2769,2.2769,2.2769,2.2769,-1.05%
24-Feb-80,2.2743,2.2743,2.2743,2.2743,-0.11%
2-Mar-80,2.2227,2.2227,2.2227,2.2227,-2.27%
9-Mar-80,2.2119,2.2119,2.2119,2.2119,-0.49%
16-Mar-80,2.1815,2.1815,2.1815,2.1815,-1.37%
23-Mar-80,2.1749,2.1749,2.1749,2.1749,-0.30%
30-Mar-80,2.1395,2.1395,2.1395,2.1395,-1.63%
6-Apr-80,2.1959,2.1959,2.1959,2.1959,2.64%
13-Apr-80,2.2287,2.2287,2.2287,2.2287,1.49%
20-Apr-80,2.2779,2.2779,2.2779,2.2779,2.21%
27-Apr-80,2.263,2.263,2.263,2.263,-0.65%
4-May-80,2.2701,2.2701,2.2701,2.2701,0.31%
11-May-80,2.2857,2.2857,2.2857,2.2857,0.69%
18-May-80,2.3447,2.3447,2.3447,2.3447,2.58%
25-May-80,2.3452,2.3452,2.3452,2.3452,0.02%
1-Jun-80,2.331,2.331,2.331,2.331,-0.61%
8-Jun-80,2.3425,2.3425,2.3425,2.3425,0.49%
15-Jun-80,2.3381,2.3381,2.3381,2.3381,-0.19%
22-Jun-80,2.3496,2.3496,2.3496,2.3496,0.49%
29-Jun-80,2.354,2.354,2.354,2.354,0.19%
6-Jul-80,2.3776,2.3776,2.3776,2.3776,1.00%
13-Jul-80,2.3736,2.3736,2.3736,2.3736,-0.17%
20-Jul-80,2.3929,2.3929,2.3929,2.3929,0.81%
27-Jul-80,2.3337,2.3337,2.3337,2.3337,-2.47%
3-Aug-80,2.373,2.373,2.373,2.373,1.68%
10-Aug-80,2.377,2.377,2.377,2.377,0.17%
17-Aug-80,2.368,2.368,2.368,2.368,-0.38%
24-Aug-80,2.3941,2.3941,2.3941,2.3941,1.10%
31-Aug-80,2.4155,2.4155,2.4155,2.4155,0.89%
7-Sep-80,2.4137,2.4137,2.4137,2.4137,-0.07%
14-Sep-80,2.3855,2.3855,2.3855,2.3855,-1.17%
21-Sep-80,2.3946,2.3946,2.3946,2.3946,0.38%
28-Sep-80,2.3895,2.3895,2.3895,2.3895,-0.21%
5-Oct-80,2.4056,2.4056,2.4056,2.4056,0.67%
12-Oct-80,2.4172,2.4172,2.4172,2.4172,0.48%
19-Oct-80,2.4498,2.4498,2.4498,2.4498,1.35%
26-Oct-80,2.4372,2.4372,2.4372,2.4372,-0.51%
2-Nov-80,2.4143,2.4143,2.4143,2.4143,-0.94%
9-Nov-80,2.4038,2.4038,2.4038,2.4038,-0.43%
16-Nov-80,2.3641,2.3641,2.3641,2.3641,-1.65%
23-Nov-80,2.3585,2.3585,2.3585,2.3585,-0.24%
30-Nov-80,2.3397,2.3397,2.3397,2.3397,-0.80%
7-Dec-80,2.324,2.324,2.324,2.324,-0.67%
14-Dec-80,2.3272,2.3272,2.3272,2.3272,0.14%
21-Dec-80,2.3702,2.3702,2.3702,2.3702,1.85%
28-Dec-80,2.3798,2.3798,2.3798,2.3798,0.41%
4-Jan-81,2.3998,2.3998,2.3998,2.3998,0.84%
11-Jan-81,2.3987,2.3987,2.3987,2.3987,-0.05%
18-Jan-81,2.4073,2.4073,2.4073,2.4073,0.36%
25-Jan-81,2.3753,2.3753,2.3753,2.3753,-1.33%
1-Feb-81,2.331,2.331,2.331,2.331,-1.87%
8-Feb-81,2.2894,2.2894,2.2894,2.2894,-1.78%
15-Feb-81,2.325,2.325,2.325,2.325,1.55%
22-Feb-81,2.2031,2.2031,2.2031,2.2031,-5.24%
1-Mar-81,2.1935,2.1935,2.1935,2.1935,-0.44%
8-Mar-81,2.2207,2.2207,2.2207,2.2207,1.24%
15-Mar-81,2.2707,2.2707,2.2707,2.2707,2.25%
22-Mar-81,2.2297,2.2297,2.2297,2.2297,-1.81%
29-Mar-81,2.2036,2.2036,2.2036,2.2036,-1.17%
5-Apr-81,2.1858,2.1858,2.1858,2.1858,-0.81%
12-Apr-81,2.1515,2.1515,2.1515,2.1515,-1.57%
19-Apr-81,2.1697,2.1697,2.1697,2.1697,0.85%
26-Apr-81,2.1427,2.1427,2.1427,2.1427,-1.24%
3-May-81,2.1155,2.1155,2.1155,2.1155,-1.27%
10-May-81,2.0786,2.0786,2.0786,2.0786,-1.74%
17-May-81,2.0747,2.0747,2.0747,2.0747,-0.19%
24-May-81,2.0704,2.0704,2.0704,2.0704,-0.21%
31-May-81,1.915,1.915,1.915,1.915,-7.51%
7-Jun-81,1.9573,1.9573,1.9573,1.9573,2.21%
14-Jun-81,1.9631,1.9631,1.9631,1.9631,0.30%
21-Jun-81,1.9486,1.9486,1.9486,1.9486,-0.74%
28-Jun-81,1.8936,1.8936,1.8936,1.8936,-2.82%
5-Jul-81,1.8965,1.8965,1.8965,1.8965,0.15%
12-Jul-81,1.8801,1.8801,1.8801,1.8801,-0.86%
19-Jul-81,1.8625,1.8625,1.8625,1.8625,-0.94%
26-Jul-81,1.8481,1.8481,1.8481,1.8481,-0.77%
2-Aug-81,1.7944,1.7944,1.7944,1.7944,-2.91%
9-Aug-81,1.806,1.806,1.806,1.806,0.65%
16-Aug-81,1.8674,1.8674,1.8674,1.8674,3.40%
23-Aug-81,1.8454,1.8454,1.8454,1.8454,-1.18%
30-Aug-81,1.8454,1.8454,1.8454,1.8454,0.00%
6-Sep-81,1.7886,1.7886,1.7886,1.7886,-3.08%
13-Sep-81,1.8318,1.8318,1.8318,1.8318,2.42%
20-Sep-81,1.7921,1.7921,1.7921,1.7921,-2.17%
27-Sep-81,1.8252,1.8252,1.8252,1.8252,1.85%
4-Oct-81,1.9004,1.9004,1.9004,1.9004,4.12%
11-Oct-81,1.8268,1.8268,1.8268,1.8268,-3.87%
18-Oct-81,1.8225,1.8225,1.8225,1.8225,-0.24%
25-Oct-81,1.8454,1.8454,1.8454,1.8454,1.26%
1-Nov-81,1.8762,1.8762,1.8762,1.8762,1.67%
8-Nov-81,1.9124,1.9124,1.9124,1.9124,1.93%
15-Nov-81,1.9066,1.9066,1.9066,1.9066,-0.30%
22-Nov-81,1.9554,1.9554,1.9554,1.9554,2.56%
29-Nov-81,1.9516,1.9516,1.9516,1.9516,-0.19%
6-Dec-81,1.8818,1.8818,1.8818,1.8818,-3.58%
13-Dec-81,1.8741,1.8741,1.8741,1.8741,-0.41%
20-Dec-81,1.89,1.89,1.89,1.89,0.85%
27-Dec-81,1.9109,1.9109,1.9109,1.9109,1.11%
3-Jan-82,1.92,1.92,1.92,1.92,0.48%
10-Jan-82,1.87,1.87,1.87,1.87,-2.60%
17-Jan-82,1.8705,1.8705,1.8705,1.8705,0.03%
24-Jan-82,1.8745,1.8745,1.8745,1.8745,0.21%
31-Jan-82,1.8605,1.8605,1.8605,1.8605,-0.75%
7-Feb-82,1.849,1.849,1.849,1.849,-0.62%
14-Feb-82,1.8525,1.8525,1.8525,1.8525,0.19%
21-Feb-82,1.82,1.82,1.82,1.82,-1.75%
28-Feb-82,1.8375,1.8375,1.8375,1.8375,0.96%
7-Mar-82,1.7975,1.7975,1.7975,1.7975,-2.18%
14-Mar-82,1.799,1.799,1.799,1.799,0.08%
21-Mar-82,1.79,1.79,1.79,1.79,-0.50%
28-Mar-82,1.7875,1.7875,1.7875,1.7875,-0.14%
4-Apr-82,1.754,1.754,1.754,1.754,-1.87%
11-Apr-82,1.76,1.76,1.76,1.76,0.34%
18-Apr-82,1.772,1.772,1.772,1.772,0.68%
25-Apr-82,1.7945,1.7945,1.7945,1.7945,1.27%
2-May-82,1.8262,1.8262,1.8262,1.8262,1.77%
9-May-82,1.8235,1.8235,1.8235,1.8235,-0.15%
16-May-82,1.7975,1.7975,1.7975,1.7975,-1.43%
23-May-82,1.791,1.791,1.791,1.791,-0.36%
30-May-82,1.795,1.795,1.795,1.795,0.22%
6-Jun-82,1.7745,1.7745,1.7745,1.7745,-1.14%
13-Jun-82,1.7385,1.7385,1.7385,1.7385,-2.03%
20-Jun-82,1.719,1.719,1.719,1.719,-1.12%
27-Jun-82,1.731,1.731,1.731,1.731,0.70%
4-Jul-82,1.7245,1.7245,1.7245,1.7245,-0.38%
11-Jul-82,1.724,1.724,1.724,1.724,-0.03%
18-Jul-82,1.7665,1.7665,1.7665,1.7665,2.47%
25-Jul-82,1.738,1.738,1.738,1.738,-1.61%
1-Aug-82,1.714,1.714,1.714,1.714,-1.38%
8-Aug-82,1.702,1.702,1.702,1.702,-0.70%
15-Aug-82,1.7415,1.7415,1.7415,1.7415,2.32%
22-Aug-82,1.736,1.736,1.736,1.736,-0.32%
29-Aug-82,1.7305,1.7305,1.7305,1.7305,-0.32%
5-Sep-82,1.7125,1.7125,1.7125,1.7125,-1.04%
12-Sep-82,1.713,1.713,1.713,1.713,0.03%
19-Sep-82,1.7085,1.7085,1.7085,1.7085,-0.26%
26-Sep-82,1.698,1.698,1.698,1.698,-0.61%
3-Oct-82,1.7045,1.7045,1.7045,1.7045,0.38%
10-Oct-82,1.704,1.704,1.704,1.704,-0.03%
17-Oct-82,1.698,1.698,1.698,1.698,-0.35%
24-Oct-82,1.677,1.677,1.677,1.677,-1.24%
31-Oct-82,1.6625,1.6625,1.6625,1.6625,-0.86%
7-Nov-82,1.6518,1.6518,1.6518,1.6518,-0.64%
14-Nov-82,1.6195,1.6195,1.6195,1.6195,-1.96%
21-Nov-82,1.5925,1.5925,1.5925,1.5925,-1.67%
28-Nov-82,1.641,1.641,1.641,1.641,3.05%
5-Dec-82,1.61,1.61,1.61,1.61,-1.89%
12-Dec-82,1.6,1.6,1.6,1.6,-0.62%
19-Dec-82,1.6,1.6,1.6,1.6,0.00%
26-Dec-82,1.618,1.618,1.618,1.618,1.13%
2-Jan-83,1.61,1.61,1.61,1.61,-0.49%
9-Jan-83,1.581,1.581,1.581,1.581,-1.80%
16-Jan-83,1.5675,1.5675,1.5675,1.5675,-0.85%
23-Jan-83,1.5362,1.5362,1.5362,1.5362,-2.00%
30-Jan-83,1.5245,1.5245,1.5245,1.5245,-0.76%
6-Feb-83,1.5405,1.5405,1.5405,1.5405,1.05%
13-Feb-83,1.5435,1.5435,1.5435,1.5435,0.19%
20-Feb-83,1.527,1.527,1.527,1.527,-1.07%
27-Feb-83,1.511,1.511,1.511,1.511,-1.05%
6-Mar-83,1.5027,1.5027,1.5027,1.5027,-0.55%
13-Mar-83,1.4875,1.4875,1.4875,1.4875,-1.01%
20-Mar-83,1.46,1.46,1.46,1.46,-1.85%
27-Mar-83,1.4825,1.4825,1.4825,1.4825,1.54%
3-Apr-83,1.505,1.505,1.505,1.505,1.52%
10-Apr-83,1.5488,1.5488,1.5488,1.5488,2.91%
17-Apr-83,1.543,1.543,1.543,1.543,-0.37%
24-Apr-83,1.5573,1.5573,1.5573,1.5573,0.93%
1-May-83,1.579,1.579,1.579,1.579,1.39%
8-May-83,1.5665,1.5665,1.5665,1.5665,-0.79%
15-May-83,1.5562,1.5562,1.5562,1.5562,-0.66%
22-May-83,1.6018,1.6018,1.6018,1.6018,2.93%
29-May-83,1.565,1.565,1.565,1.565,-2.30%
5-Jun-83,1.5705,1.5705,1.5705,1.5705,0.35%
12-Jun-83,1.523,1.523,1.523,1.523,-3.02%
19-Jun-83,1.5455,1.5455,1.5455,1.5455,1.48%
26-Jun-83,1.531,1.531,1.531,1.531,-0.94%
3-Jul-83,1.5415,1.5415,1.5415,1.5415,0.69%
10-Jul-83,1.5165,1.5165,1.5165,1.5165,-1.62%
17-Jul-83,1.5205,1.5205,1.5205,1.5205,0.26%
24-Jul-83,1.52,1.52,1.52,1.52,-0.03%
31-Jul-83,1.485,1.485,1.485,1.485,-2.30%
7-Aug-83,1.4815,1.4815,1.4815,1.4815,-0.24%
14-Aug-83,1.517,1.517,1.517,1.517,2.40%
21-Aug-83,1.5045,1.5045,1.5045,1.5045,-0.82%
28-Aug-83,1.495,1.495,1.495,1.495,-0.63%
4-Sep-83,1.494,1.494,1.494,1.494,-0.07%
11-Sep-83,1.502,1.502,1.502,1.502,0.54%
18-Sep-83,1.5027,1.5027,1.5027,1.5027,0.05%
25-Sep-83,1.4977,1.4977,1.4977,1.4977,-0.33%
2-Oct-83,1.509,1.509,1.509,1.509,0.75%
9-Oct-83,1.4994,1.4994,1.4994,1.4994,-0.64%
16-Oct-83,1.5018,1.5018,1.5018,1.5018,0.16%
23-Oct-83,1.495,1.495,1.495,1.495,-0.45%
30-Oct-83,1.488,1.488,1.488,1.488,-0.47%
6-Nov-83,1.491,1.491,1.491,1.491,0.20%
13-Nov-83,1.4695,1.4695,1.4695,1.4695,-1.44%
20-Nov-83,1.4595,1.4595,1.4595,1.4595,-0.68%
27-Nov-83,1.4572,1.4572,1.4572,1.4572,-0.16%
4-Dec-83,1.435,1.435,1.435,1.435,-1.52%
11-Dec-83,1.415,1.415,1.415,1.415,-1.39%
18-Dec-83,1.4315,1.4315,1.4315,1.4315,1.17%
25-Dec-83,1.4515,1.4515,1.4515,1.4515,1.40%
1-Jan-84,1.407,1.407,1.407,1.407,-3.07%
8-Jan-84,1.41,1.41,1.41,1.41,0.21%
15-Jan-84,1.4005,1.4005,1.4005,1.4005,-0.67%
22-Jan-84,1.4035,1.4035,1.4035,1.4035,0.21%
29-Jan-84,1.431,1.431,1.431,1.431,1.96%
5-Feb-84,1.4143,1.4143,1.4143,1.4143,-1.17%
12-Feb-84,1.451,1.451,1.451,1.451,2.59%
19-Feb-84,1.4725,1.4725,1.4725,1.4725,1.48%
26-Feb-84,1.481,1.481,1.481,1.481,0.58%
4-Mar-84,1.4625,1.4625,1.4625,1.4625,-1.25%
11-Mar-84,1.445,1.445,1.445,1.445,-1.20%
18-Mar-84,1.436,1.436,1.436,1.436,-0.62%
25-Mar-84,1.4375,1.4375,1.4375,1.4375,0.10%
1-Apr-84,1.43,1.43,1.43,1.43,-0.52%
8-Apr-84,1.429,1.429,1.429,1.429,-0.07%
15-Apr-84,1.416,1.416,1.416,1.416,-0.91%
22-Apr-84,1.4015,1.4015,1.4015,1.4015,-1.02%
29-Apr-84,1.408,1.408,1.408,1.408,0.46%
6-May-84,1.3835,1.3835,1.3835,1.3835,-1.74%
13-May-84,1.3867,1.3867,1.3867,1.3867,0.23%
20-May-84,1.383,1.383,1.383,1.383,-0.27%
27-May-84,1.4035,1.4035,1.4035,1.4035,1.48%
3-Jun-84,1.3935,1.3935,1.3935,1.3935,-0.71%
10-Jun-84,1.3785,1.3785,1.3785,1.3785,-1.08%
17-Jun-84,1.3633,1.3633,1.3633,1.3633,-1.10%
24-Jun-84,1.3575,1.3575,1.3575,1.3575,-0.43%
1-Jul-84,1.316,1.316,1.316,1.316,-3.06%
8-Jul-84,1.3235,1.3235,1.3235,1.3235,0.57%
15-Jul-84,1.3232,1.3232,1.3232,1.3232,-0.02%
22-Jul-84,1.311,1.311,1.311,1.311,-0.92%
29-Jul-84,1.327,1.327,1.327,1.327,1.22%
5-Aug-84,1.3125,1.3125,1.3125,1.3125,-1.09%
12-Aug-84,1.322,1.322,1.322,1.322,0.72%
19-Aug-84,1.305,1.305,1.305,1.305,-1.29%
26-Aug-84,1.3075,1.3075,1.3075,1.3075,0.19%
2-Sep-84,1.273,1.273,1.273,1.273,-2.64%
9-Sep-84,1.266,1.266,1.266,1.266,-0.55%
16-Sep-84,1.245,1.245,1.245,1.245,-1.66%
23-Sep-84,1.234,1.234,1.234,1.234,-0.88%
30-Sep-84,1.2375,1.2375,1.2375,1.2375,0.28%
7-Oct-84,1.223,1.223,1.223,1.223,-1.17%
14-Oct-84,1.1915,1.1915,1.1915,1.1915,-2.58%
21-Oct-84,1.222,1.222,1.222,1.222,2.56%
28-Oct-84,1.251,1.251,1.251,1.251,2.37%
4-Nov-84,1.2605,1.2605,1.2605,1.2605,0.76%
11-Nov-84,1.254,1.254,1.254,1.254,-0.52%
18-Nov-84,1.22,1.22,1.22,1.22,-2.71%
25-Nov-84,1.197,1.197,1.197,1.197,-1.89%
2-Dec-84,1.2035,1.2035,1.2035,1.2035,0.54%
9-Dec-84,1.1935,1.1935,1.1935,1.1935,-0.83%
16-Dec-84,1.173,1.173,1.173,1.173,-1.72%
23-Dec-84,1.163,1.163,1.163,1.163,-0.85%
30-Dec-84,1.1535,1.1535,1.1535,1.1535,-0.82%
6-Jan-85,1.1245,1.1245,1.1245,1.1245,-2.51%
13-Jan-85,1.1195,1.1195,1.1195,1.1195,-0.44%
20-Jan-85,1.11,1.11,1.11,1.11,-0.85%
27-Jan-85,1.124,1.124,1.124,1.124,1.26%
3-Feb-85,1.109,1.109,1.109,1.109,-1.33%
10-Feb-85,1.102,1.102,1.102,1.102,-0.63%
17-Feb-85,1.0765,1.0765,1.0765,1.0765,-2.31%
24-Feb-85,1.072,1.072,1.072,1.072,-0.42%
3-Mar-85,1.064,1.064,1.064,1.064,-0.75%
10-Mar-85,1.084,1.084,1.084,1.084,1.88%
17-Mar-85,1.1725,1.1725,1.1725,1.1725,8.16%
24-Mar-85,1.236,1.236,1.236,1.236,5.42%
31-Mar-85,1.1985,1.1985,1.1985,1.1985,-3.03%
7-Apr-85,1.2545,1.2545,1.2545,1.2545,4.67%
14-Apr-85,1.293,1.293,1.293,1.293,3.07%
21-Apr-85,1.216,1.216,1.216,1.216,-5.96%
28-Apr-85,1.207,1.207,1.207,1.207,-0.74%
5-May-85,1.2335,1.2335,1.2335,1.2335,2.20%
12-May-85,1.265,1.265,1.265,1.265,2.55%
19-May-85,1.2585,1.2585,1.2585,1.2585,-0.51%
26-May-85,1.286,1.286,1.286,1.286,2.19%
2-Jun-85,1.268,1.268,1.268,1.268,-1.40%
9-Jun-85,1.28,1.28,1.28,1.28,0.95%
16-Jun-85,1.287,1.287,1.287,1.287,0.55%
23-Jun-85,1.3095,1.3095,1.3095,1.3095,1.75%
30-Jun-85,1.327,1.327,1.327,1.327,1.34%
7-Jul-85,1.385,1.385,1.385,1.385,4.37%
14-Jul-85,1.399,1.399,1.399,1.399,1.01%
21-Jul-85,1.409,1.409,1.409,1.409,0.71%
28-Jul-85,1.371,1.371,1.371,1.371,-2.70%
4-Aug-85,1.3575,1.3575,1.3575,1.3575,-0.98%
11-Aug-85,1.3995,1.3995,1.3995,1.3995,3.09%
18-Aug-85,1.401,1.401,1.401,1.401,0.11%
25-Aug-85,1.391,1.391,1.391,1.391,-0.71%
1-Sep-85,1.325,1.325,1.325,1.325,-4.74%
8-Sep-85,1.34,1.34,1.34,1.34,1.13%
15-Sep-85,1.367,1.367,1.367,1.367,2.01%
22-Sep-85,1.4025,1.4025,1.4025,1.4025,2.60%
29-Sep-85,1.4155,1.4155,1.4155,1.4155,0.93%
6-Oct-85,1.4115,1.4115,1.4115,1.4115,-0.28%
13-Oct-85,1.428,1.428,1.428,1.428,1.17%
20-Oct-85,1.422,1.422,1.422,1.422,-0.42%
27-Oct-85,1.441,1.441,1.441,1.441,1.34%
3-Nov-85,1.4167,1.4167,1.4167,1.4167,-1.69%
10-Nov-85,1.4217,1.4217,1.4217,1.4217,0.35%
17-Nov-85,1.455,1.455,1.455,1.455,2.34%
24-Nov-85,1.489,1.489,1.489,1.489,2.34%
1-Dec-85,1.4785,1.4785,1.4785,1.4785,-0.71%
8-Dec-85,1.4365,1.4365,1.4365,1.4365,-2.84%
15-Dec-85,1.425,1.425,1.425,1.425,-0.80%
22-Dec-85,1.436,1.436,1.436,1.436,0.77%
29-Dec-85,1.4384,1.4384,1.463,1.4343,0.17%
5-Jan-86,1.4549,1.4549,1.4664,1.4299,1.15%
12-Jan-86,1.4382,1.4382,1.4506,1.4313,-1.15%
19-Jan-86,1.3884,1.3884,1.4311,1.3749,-3.46%
26-Jan-86,1.41,1.41,1.4194,1.3735,1.56%
2-Feb-86,1.3978,1.3978,1.4104,1.3659,-0.87%
9-Feb-86,1.4164,1.4164,1.4214,1.3948,1.33%
16-Feb-86,1.4439,1.4439,1.4664,1.4148,1.94%
23-Feb-86,1.4519,1.4519,1.4958,1.446,0.55%
2-Mar-86,1.4538,1.4538,1.4698,1.4313,0.13%
9-Mar-86,1.4659,1.4659,1.4829,1.4379,0.83%
16-Mar-86,1.5033,1.5033,1.5063,1.4538,2.55%
23-Mar-86,1.4834,1.4834,1.5159,1.4538,-1.32%
30-Mar-86,1.4469,1.4469,1.4758,1.4398,-2.46%
6-Apr-86,1.479,1.479,1.4818,1.4494,2.22%
13-Apr-86,1.5123,1.5123,1.5253,1.4728,2.25%
20-Apr-86,1.5368,1.5368,1.5414,1.5043,1.62%
27-Apr-86,1.5285,1.5285,1.5584,1.5099,-0.54%
4-May-86,1.5379,1.5379,1.5535,1.5215,0.61%
11-May-86,1.5239,1.5239,1.5489,1.519,-0.91%
18-May-86,1.4944,1.4944,1.533,1.4829,-1.94%
25-May-86,1.4729,1.4729,1.509,1.47,-1.44%
1-Jun-86,1.5079,1.5079,1.513,1.4645,2.38%
8-Jun-86,1.5224,1.5224,1.5359,1.4914,0.96%
15-Jun-86,1.5007,1.5007,1.5279,1.4954,-1.43%
22-Jun-86,1.527,1.527,1.5279,1.4855,1.75%
29-Jun-86,1.537,1.537,1.5495,1.5264,0.65%
6-Jul-86,1.5046,1.5046,1.5499,1.5029,-2.11%
13-Jul-86,1.5044,1.5044,1.5154,1.4764,-0.01%
20-Jul-86,1.4804,1.4804,1.5029,1.4795,-1.60%
27-Jul-86,1.4834,1.4834,1.4969,1.4655,0.20%
3-Aug-86,1.474,1.474,1.4904,1.4655,-0.63%
10-Aug-86,1.495,1.495,1.4974,1.471,1.42%
17-Aug-86,1.4895,1.4895,1.506,1.4881,-0.37%
24-Aug-86,1.4874,1.4874,1.4889,1.474,-0.14%
31-Aug-86,1.497,1.497,1.5074,1.4875,0.65%
7-Sep-86,1.4751,1.4751,1.4994,1.4549,-1.46%
14-Sep-86,1.4754,1.4754,1.4875,1.4629,0.02%
21-Sep-86,1.4341,1.4341,1.4691,1.43,-2.80%
28-Sep-86,1.4389,1.4389,1.4559,1.4301,0.33%
5-Oct-86,1.4324,1.4324,1.4444,1.4159,-0.45%
12-Oct-86,1.4319,1.4319,1.444,1.4245,-0.03%
19-Oct-86,1.4114,1.4114,1.4364,1.408,-1.43%
26-Oct-86,1.4239,1.4239,1.4357,1.3967,0.89%
2-Nov-86,1.4271,1.4271,1.4337,1.4059,0.22%
9-Nov-86,1.429,1.429,1.4429,1.4154,0.13%
16-Nov-86,1.4165,1.4165,1.4304,1.4077,-0.87%
23-Nov-86,1.4345,1.4345,1.4379,1.4114,1.27%
30-Nov-86,1.4279,1.4279,1.4385,1.4239,-0.46%
7-Dec-86,1.4275,1.4275,1.4414,1.4199,-0.03%
14-Dec-86,1.4323,1.4323,1.4354,1.426,0.34%
21-Dec-86,1.4714,1.4714,1.4729,1.437,2.73%
28-Dec-86,1.4911,1.4911,1.4969,1.4544,1.34%
4-Jan-87,1.4754,1.4754,1.484,1.463,-1.05%
11-Jan-87,1.5151,1.5151,1.5181,1.4763,2.69%
18-Jan-87,1.5239,1.5239,1.5407,1.5077,0.58%
25-Jan-87,1.5118,1.5118,1.5476,1.5024,-0.79%
1-Feb-87,1.5082,1.5082,1.5338,1.5005,-0.24%
8-Feb-87,1.5206,1.5206,1.5352,1.4977,0.82%
15-Feb-87,1.5275,1.5275,1.5335,1.5165,0.45%
22-Feb-87,1.5448,1.5448,1.5492,1.5319,1.13%
1-Mar-87,1.5864,1.5864,1.5886,1.552,2.69%
8-Mar-87,1.5743,1.5743,1.5999,1.5721,-0.76%
15-Mar-87,1.6013,1.6013,1.6082,1.5729,1.72%
22-Mar-87,1.6073,1.6073,1.6233,1.5955,0.37%
29-Mar-87,1.6112,1.6112,1.6156,1.5875,0.24%
5-Apr-87,1.6222,1.6222,1.6291,1.6095,0.68%
12-Apr-87,1.6299,1.6299,1.6363,1.6194,0.47%
19-Apr-87,1.6608,1.6608,1.6613,1.6247,1.90%
26-Apr-87,1.6726,1.6726,1.6737,1.6492,0.71%
3-May-87,1.6704,1.6704,1.6886,1.6676,-0.13%
10-May-87,1.6791,1.6791,1.6823,1.66,0.52%
17-May-87,1.6676,1.6676,1.6889,1.6665,-0.68%
24-May-87,1.6279,1.6279,1.6704,1.604,-2.38%
31-May-87,1.6286,1.6286,1.6505,1.6151,0.04%
7-Jun-87,1.6516,1.6516,1.6679,1.6254,1.41%
14-Jun-87,1.6097,1.6097,1.6491,1.6066,-2.54%
21-Jun-87,1.6105,1.6105,1.6265,1.5868,0.05%
28-Jun-87,1.6097,1.6097,1.6243,1.5953,-0.05%
5-Jul-87,1.6116,1.6116,1.6238,1.6044,0.12%
12-Jul-87,1.6029,1.6029,1.6383,1.5996,-0.54%
19-Jul-87,1.6048,1.6048,1.6102,1.5914,0.12%
26-Jul-87,1.5903,1.5903,1.6072,1.5878,-0.90%
2-Aug-87,1.5642,1.5642,1.5953,1.5621,-1.64%
9-Aug-87,1.5868,1.5868,1.5957,1.5618,1.44%
16-Aug-87,1.6307,1.6307,1.6328,1.5863,2.77%
23-Aug-87,1.6317,1.6317,1.6347,1.6069,0.06%
30-Aug-87,1.6516,1.6516,1.6608,1.6279,1.22%
6-Sep-87,1.6423,1.6423,1.6643,1.6385,-0.56%
13-Sep-87,1.6563,1.6563,1.6567,1.632,0.85%
20-Sep-87,1.6423,1.6423,1.6553,1.6296,-0.85%
27-Sep-87,1.6183,1.6183,1.644,1.6117,-1.46%
4-Oct-87,1.6532,1.6532,1.6536,1.6145,2.16%
11-Oct-87,1.6656,1.6656,1.6669,1.6405,0.75%
18-Oct-87,1.6841,1.6841,1.6885,1.6423,1.11%
25-Oct-87,1.7211,1.7211,1.7314,1.6735,2.20%
1-Nov-87,1.7856,1.7856,1.7918,1.7256,3.75%
8-Nov-87,1.7691,1.7691,1.8003,1.7534,-0.92%
15-Nov-87,1.7767,1.7767,1.8003,1.7407,0.43%
22-Nov-87,1.813,1.813,1.813,1.7708,2.04%
29-Nov-87,1.7911,1.7911,1.8336,1.7825,-1.21%
6-Dec-87,1.8374,1.8374,1.8422,1.7842,2.58%
13-Dec-87,1.8226,1.8226,1.8453,1.8195,-0.81%
20-Dec-87,1.8425,1.8425,1.8439,1.8147,1.09%
27-Dec-87,1.8867,1.8867,1.8871,1.8507,2.40%
3-Jan-88,1.8175,1.8175,1.8926,1.787,-3.67%
10-Jan-88,1.7685,1.7685,1.8355,1.7608,-2.70%
17-Jan-88,1.7877,1.7877,1.8074,1.7565,1.09%
24-Jan-88,1.7651,1.7651,1.7861,1.7621,-1.26%
31-Jan-88,1.7519,1.7519,1.7728,1.7488,-0.75%
7-Feb-88,1.7399,1.7399,1.7642,1.7198,-0.68%
14-Feb-88,1.7476,1.7476,1.7535,1.7343,0.44%
21-Feb-88,1.7707,1.7707,1.7741,1.7483,1.32%
28-Feb-88,1.7741,1.7741,1.7775,1.7642,0.19%
6-Mar-88,1.8565,1.8565,1.8574,1.7737,4.64%
13-Mar-88,1.8241,1.8241,1.8613,1.8185,-1.75%
20-Mar-88,1.8432,1.8432,1.8459,1.8232,1.05%
27-Mar-88,1.8889,1.8889,1.8907,1.8402,2.48%
3-Apr-88,1.874,1.874,1.8954,1.8608,-0.79%
10-Apr-88,1.8882,1.8882,1.8902,1.8343,0.76%
17-Apr-88,1.8848,1.8848,1.9052,1.883,-0.18%
24-Apr-88,1.8758,1.8758,1.8868,1.8671,-0.48%
1-May-88,1.8604,1.8604,1.8753,1.8579,-0.82%
8-May-88,1.8898,1.8898,1.8927,1.8622,1.58%
15-May-88,1.8627,1.8627,1.8947,1.8471,-1.43%
22-May-88,1.8558,1.8558,1.8726,1.8534,-0.37%
29-May-88,1.7941,1.7941,1.8558,1.7932,-3.32%
5-Jun-88,1.8169,1.8169,1.8229,1.7861,1.27%
12-Jun-88,1.7828,1.7828,1.8259,1.7771,-1.88%
19-Jun-88,1.7259,1.7259,1.7911,1.7193,-3.19%
26-Jun-88,1.6975,1.6975,1.7343,1.6897,-1.65%
3-Jul-88,1.7007,1.7007,1.7232,1.6765,0.19%
10-Jul-88,1.6606,1.6606,1.7017,1.6496,-2.36%
17-Jul-88,1.7394,1.7394,1.7427,1.6544,4.75%
24-Jul-88,1.7082,1.7082,1.7522,1.7002,-1.79%
31-Jul-88,1.6885,1.6885,1.7259,1.6867,-1.15%
7-Aug-88,1.7151,1.7151,1.7169,1.6798,1.58%
14-Aug-88,1.6972,1.6972,1.7376,1.6855,-1.04%
21-Aug-88,1.6837,1.6837,1.7055,1.6696,-0.80%
28-Aug-88,1.684,1.684,1.6939,1.663,0.02%
4-Sep-88,1.6954,1.6954,1.7112,1.6645,0.68%
11-Sep-88,1.6776,1.6776,1.6996,1.6696,-1.05%
18-Sep-88,1.6707,1.6707,1.6868,1.6618,-0.41%
25-Sep-88,1.6913,1.6913,1.6921,1.6579,1.23%
2-Oct-88,1.6975,1.6975,1.7035,1.6892,0.37%
9-Oct-88,1.7562,1.7562,1.7615,1.6981,3.46%
16-Oct-88,1.7607,1.7607,1.7669,1.7362,0.26%
23-Oct-88,1.7711,1.7711,1.7752,1.7407,0.59%
30-Oct-88,1.7663,1.7663,1.7869,1.7607,-0.27%
6-Nov-88,1.8098,1.8098,1.8146,1.7547,2.46%
13-Nov-88,1.814,1.814,1.839,1.7994,0.23%
20-Nov-88,1.8417,1.8417,1.8464,1.811,1.53%
27-Nov-88,1.8643,1.8643,1.8661,1.8327,1.23%
4-Dec-88,1.8455,1.8455,1.8717,1.8247,-1.01%
11-Dec-88,1.8187,1.8187,1.8449,1.8089,-1.45%
18-Dec-88,1.7988,1.7988,1.8265,1.7907,-1.09%
25-Dec-88,1.8089,1.8089,1.8128,1.7797,0.56%
1-Jan-89,1.7776,1.7776,1.83,1.7738,-1.73%
8-Jan-89,1.7636,1.7636,1.7907,1.7568,-0.79%
15-Jan-89,1.7761,1.7761,1.7784,1.7459,0.71%
22-Jan-89,1.7584,1.7584,1.7821,1.7561,-1.00%
29-Jan-89,1.7415,1.7415,1.7644,1.7376,-0.96%
5-Feb-89,1.7459,1.7459,1.7737,1.7272,0.25%
12-Feb-89,1.7743,1.7743,1.7873,1.7446,1.63%
19-Feb-89,1.7553,1.7553,1.7776,1.7412,-1.07%
26-Feb-89,1.7186,1.7186,1.7579,1.71,-2.09%
5-Mar-89,1.717,1.717,1.7342,1.7116,-0.09%
12-Mar-89,1.7116,1.7116,1.7277,1.7079,-0.31%
19-Mar-89,1.7189,1.7189,1.7277,1.7051,0.43%
26-Mar-89,1.6848,1.6848,1.7202,1.6741,-1.98%
2-Apr-89,1.6926,1.6926,1.71,1.6684,0.46%
9-Apr-89,1.7035,1.7035,1.7087,1.6859,0.64%
16-Apr-89,1.7121,1.7121,1.7215,1.7009,0.50%
23-Apr-89,1.6856,1.6856,1.7178,1.6825,-1.55%
30-Apr-89,1.6741,1.6741,1.6882,1.67,-0.68%
7-May-89,1.6606,1.6606,1.6819,1.6562,-0.81%
14-May-89,1.6107,1.6107,1.6578,1.6052,-3.00%
21-May-89,1.5898,1.5898,1.6114,1.5519,-1.30%
28-May-89,1.6028,1.6028,1.6054,1.553,0.82%
4-Jun-89,1.5477,1.5477,1.6054,1.5444,-3.44%
11-Jun-89,1.5394,1.5394,1.5549,1.4904,-0.54%
18-Jun-89,1.5644,1.5644,1.5738,1.5253,1.62%
25-Jun-89,1.5519,1.5519,1.571,1.5374,-0.80%
2-Jul-89,1.6285,1.6285,1.6375,1.5446,4.94%
9-Jul-89,1.605,1.605,1.6449,1.6034,-1.44%
16-Jul-89,1.6153,1.6153,1.6339,1.5999,0.64%
23-Jul-89,1.6524,1.6524,1.6664,1.6087,2.30%
30-Jul-89,1.6039,1.6039,1.67,1.6039,-2.94%
6-Aug-89,1.5822,1.5822,1.6342,1.5789,-1.35%
13-Aug-89,1.5653,1.5653,1.5931,1.5536,-1.07%
20-Aug-89,1.5666,1.5666,1.5909,1.5593,0.08%
27-Aug-89,1.5556,1.5556,1.5929,1.5337,-0.70%
3-Sep-89,1.5367,1.5367,1.5567,1.5337,-1.21%
10-Sep-89,1.5646,1.5646,1.5922,1.5323,1.82%
17-Sep-89,1.571,1.571,1.5852,1.5534,0.41%
24-Sep-89,1.6192,1.6192,1.6305,1.5859,3.07%
1-Oct-89,1.6052,1.6052,1.6258,1.5949,-0.86%
8-Oct-89,1.5829,1.5829,1.6092,1.5367,-1.39%
15-Oct-89,1.5896,1.5896,1.6072,1.5706,0.42%
22-Oct-89,1.5785,1.5785,1.6154,1.5608,-0.70%
29-Oct-89,1.5685,1.5685,1.5855,1.5625,-0.63%
5-Nov-89,1.5765,1.5765,1.593,1.5655,0.51%
12-Nov-89,1.5674,1.5674,1.5976,1.5646,-0.58%
19-Nov-89,1.5635,1.5635,1.5753,1.5535,-0.25%
26-Nov-89,1.5613,1.5613,1.5716,1.5528,-0.14%
3-Dec-89,1.5835,1.5835,1.585,1.561,1.42%
10-Dec-89,1.604,1.604,1.6148,1.5785,1.29%
17-Dec-89,1.625,1.625,1.6275,1.5945,1.31%
24-Dec-89,1.6115,1.6115,1.6325,1.5975,-0.83%
31-Dec-89,1.635,1.635,1.642,1.604,1.46%
7-Jan-90,1.6605,1.6605,1.6725,1.6345,1.56%
14-Jan-90,1.6445,1.6445,1.674,1.637,-0.96%
21-Jan-90,1.6635,1.6635,1.667,1.634,1.16%
28-Jan-90,1.6833,1.6833,1.6888,1.6523,1.19%
4-Feb-90,1.697,1.697,1.7071,1.6855,0.81%
11-Feb-90,1.699,1.699,1.7005,1.678,0.12%
18-Feb-90,1.708,1.708,1.7173,1.6955,0.53%
25-Feb-90,1.6473,1.6473,1.7067,1.643,-3.55%
4-Mar-90,1.616,1.616,1.6545,1.615,-1.90%
11-Mar-90,1.619,1.619,1.6276,1.597,0.19%
18-Mar-90,1.601,1.601,1.6237,1.5883,-1.11%
25-Mar-90,1.6452,1.6452,1.6507,1.5953,2.76%
1-Apr-90,1.64,1.64,1.649,1.6235,-0.32%
8-Apr-90,1.638,1.638,1.6495,1.6305,-0.12%
15-Apr-90,1.638,1.638,1.6495,1.6245,0.00%
22-Apr-90,1.632,1.632,1.6425,1.6285,-0.37%
29-Apr-90,1.663,1.663,1.666,1.6335,1.90%
6-May-90,1.6787,1.6787,1.686,1.6595,0.94%
13-May-90,1.69,1.69,1.6985,1.6618,0.67%
20-May-90,1.6905,1.6905,1.7006,1.685,0.03%
27-May-90,1.681,1.681,1.7076,1.6755,-0.56%
3-Jun-90,1.6845,1.6845,1.6905,1.6675,0.21%
10-Jun-90,1.7095,1.7095,1.7157,1.6782,1.48%
17-Jun-90,1.733,1.733,1.7355,1.7055,1.37%
24-Jun-90,1.749,1.749,1.749,1.72,0.92%
1-Jul-90,1.7865,1.7865,1.7925,1.7412,2.14%
8-Jul-90,1.8003,1.8003,1.8285,1.775,0.77%
15-Jul-90,1.8185,1.8185,1.8315,1.783,1.01%
22-Jul-90,1.8375,1.8375,1.84,1.801,1.04%
29-Jul-90,1.8595,1.8595,1.8658,1.8298,1.20%
5-Aug-90,1.8735,1.8735,1.883,1.8545,0.75%
12-Aug-90,1.9225,1.9225,1.9255,1.8723,2.62%
19-Aug-90,1.944,1.944,1.96,1.902,1.12%
26-Aug-90,1.891,1.891,1.9555,1.8865,-2.73%
2-Sep-90,1.892,1.892,1.92,1.8655,0.05%
9-Sep-90,1.8955,1.8955,1.9045,1.8363,0.18%
16-Sep-90,1.844,1.844,1.9248,1.8375,-2.72%
23-Sep-90,1.8755,1.8755,1.8965,1.843,1.71%
30-Sep-90,1.9565,1.9565,1.9635,1.8755,4.32%
7-Oct-90,1.9675,1.9675,1.9883,1.9545,0.56%
14-Oct-90,1.959,1.959,1.9767,1.934,-0.43%
21-Oct-90,1.958,1.958,1.9635,1.936,-0.05%
28-Oct-90,1.959,1.959,1.9615,1.932,0.05%
4-Nov-90,1.966,1.966,1.9795,1.9533,0.36%
11-Nov-90,1.966,1.966,1.9725,1.9525,0.00%
18-Nov-90,1.9673,1.9673,1.9815,1.9605,0.07%
25-Nov-90,1.9435,1.9435,1.9865,1.9345,-1.21%
2-Dec-90,1.953,1.953,1.9555,1.9125,0.49%
9-Dec-90,1.9375,1.9375,1.9624,1.932,-0.79%
16-Dec-90,1.886,1.886,1.9445,1.8795,-2.66%
23-Dec-90,1.9275,1.9275,1.9305,1.8625,2.20%
30-Dec-90,1.935,1.935,1.952,1.913,0.39%
6-Jan-91,1.9076,1.9076,1.9379,1.8904,-1.42%
13-Jan-91,1.95,1.95,1.9565,1.8845,2.22%
20-Jan-91,1.9565,1.9565,1.968,1.9335,0.33%
27-Jan-91,1.9755,1.9755,1.9798,1.9485,0.97%
3-Feb-91,1.9885,1.9885,2.005,1.9695,0.66%
10-Feb-91,1.967,1.967,2.001,1.966,-1.08%
17-Feb-91,1.944,1.944,1.9725,1.9395,-1.17%
24-Feb-91,1.896,1.896,1.9435,1.8957,-2.47%
3-Mar-91,1.8645,1.8645,1.9125,1.8635,-1.66%
10-Mar-91,1.821,1.821,1.869,1.8135,-2.33%
17-Mar-91,1.7835,1.7835,1.83,1.7445,-2.06%
24-Mar-91,1.7472,1.7472,1.7828,1.7308,-2.04%
31-Mar-91,1.7673,1.7673,1.8009,1.7454,1.15%
7-Apr-91,1.7785,1.7785,1.799,1.7539,0.63%
14-Apr-91,1.7225,1.7225,1.7985,1.7187,-3.15%
21-Apr-91,1.691,1.691,1.718,1.6795,-1.83%
28-Apr-91,1.6932,1.6932,1.751,1.665,0.13%
5-May-91,1.7245,1.7245,1.732,1.6943,1.85%
12-May-91,1.7095,1.7095,1.76,1.708,-0.87%
19-May-91,1.735,1.735,1.742,1.702,1.49%
26-May-91,1.6975,1.6975,1.7505,1.696,-2.16%
2-Jun-91,1.671,1.671,1.7062,1.665,-1.56%
9-Jun-91,1.6325,1.6325,1.674,1.625,-2.30%
16-Jun-91,1.6245,1.6245,1.6478,1.6032,-0.49%
23-Jun-91,1.6215,1.6215,1.649,1.61,-0.18%
30-Jun-91,1.6155,1.6155,1.6273,1.5988,-0.37%
7-Jul-91,1.649,1.649,1.6535,1.601,2.07%
14-Jul-91,1.6943,1.6943,1.695,1.6413,2.75%
21-Jul-91,1.6825,1.6825,1.7,1.6658,-0.70%
28-Jul-91,1.69,1.69,1.6975,1.6625,0.45%
4-Aug-91,1.6945,1.6945,1.7212,1.6885,0.27%
11-Aug-91,1.658,1.658,1.7015,1.656,-2.15%
18-Aug-91,1.6787,1.6787,1.6985,1.6118,1.25%
25-Aug-91,1.681,1.681,1.698,1.6713,0.14%
1-Sep-91,1.7193,1.7193,1.7195,1.679,2.28%
8-Sep-91,1.7313,1.7313,1.74,1.716,0.70%
15-Sep-91,1.7317,1.7317,1.7475,1.72,0.02%
22-Sep-91,1.7435,1.7435,1.751,1.7245,0.68%
29-Sep-91,1.7375,1.7375,1.7585,1.7315,-0.34%
6-Oct-91,1.723,1.723,1.7417,1.6925,-0.83%
13-Oct-91,1.726,1.726,1.7285,1.6985,0.17%
20-Oct-91,1.7126,1.7126,1.7271,1.6975,-0.78%
27-Oct-91,1.7675,1.7675,1.769,1.6905,3.21%
3-Nov-91,1.7635,1.7635,1.7862,1.759,-0.23%
10-Nov-91,1.7865,1.7865,1.788,1.759,1.30%
17-Nov-91,1.7945,1.7945,1.8058,1.7875,0.45%
24-Nov-91,1.768,1.768,1.8075,1.7538,-1.48%
1-Dec-91,1.8165,1.8165,1.817,1.7694,2.74%
8-Dec-91,1.816,1.816,1.8215,1.7955,-0.03%
15-Dec-91,1.8585,1.8585,1.8655,1.8165,2.34%
22-Dec-91,1.8742,1.8742,1.8905,1.8575,0.84%
29-Dec-91,1.8485,1.8485,1.8816,1.842,-1.37%
5-Jan-92,1.7885,1.7885,1.889,1.7825,-3.25%
12-Jan-92,1.7995,1.7995,1.8125,1.7425,0.62%
19-Jan-92,1.7955,1.7955,1.8155,1.7735,-0.22%
26-Jan-92,1.7855,1.7855,1.813,1.7715,-0.56%
2-Feb-92,1.8385,1.8385,1.8405,1.7867,2.97%
9-Feb-92,1.771,1.771,1.84,1.7595,-3.67%
16-Feb-92,1.7425,1.7425,1.7885,1.7395,-1.61%
23-Feb-92,1.7571,1.7571,1.7681,1.7304,0.84%
1-Mar-92,1.719,1.719,1.7633,1.7075,-2.17%
8-Mar-92,1.7077,1.7077,1.7295,1.703,-0.66%
15-Mar-92,1.713,1.713,1.74,1.698,0.31%
22-Mar-92,1.743,1.743,1.744,1.7042,1.75%
29-Mar-92,1.7441,1.7441,1.7479,1.7176,0.06%
5-Apr-92,1.7645,1.7645,1.7815,1.7395,1.17%
12-Apr-92,1.7445,1.7445,1.772,1.743,-1.13%
19-Apr-92,1.774,1.774,1.7785,1.7405,1.69%
26-Apr-92,1.7864,1.7864,1.7873,1.7649,0.70%
3-May-92,1.791,1.791,1.807,1.7753,0.26%
10-May-92,1.8225,1.8225,1.828,1.7877,1.76%
17-May-92,1.8175,1.824,1.8435,1.81,-0.27%
24-May-92,1.828,1.8165,1.8335,1.793,0.58%
31-May-92,1.832,1.8275,1.8405,1.8043,0.22%
7-Jun-92,1.8513,1.835,1.857,1.8253,1.05%
14-Jun-92,1.8578,1.8487,1.8668,1.8438,0.35%
21-Jun-92,1.8947,1.858,1.8985,1.8525,1.99%
28-Jun-92,1.909,1.892,1.9315,1.8905,0.75%
5-Jul-92,1.9195,1.9015,1.9435,1.888,0.55%
12-Jul-92,1.9515,1.9245,1.9535,1.9115,1.67%
19-Jul-92,1.894,1.9528,1.9595,1.8915,-2.95%
26-Jul-92,1.9258,1.9015,1.9325,1.8974,1.68%
2-Aug-92,1.9295,1.9247,1.9315,1.9005,0.19%
9-Aug-92,1.9215,1.9305,1.936,1.915,-0.41%
16-Aug-92,1.9565,1.9187,1.962,1.9098,1.82%
23-Aug-92,1.9825,1.9638,2.0015,1.9635,1.33%
30-Aug-92,1.9965,1.9825,2.0095,1.962,0.71%
6-Sep-92,1.9205,1.9985,2.0105,1.9194,-3.81%
13-Sep-92,1.735,1.873,1.9123,1.728,-9.66%
20-Sep-92,1.7098,1.7292,1.7363,1.6822,-1.45%
27-Sep-92,1.729,1.71,1.803,1.7045,1.12%
4-Oct-92,1.695,1.721,1.734,1.675,-1.97%
11-Oct-92,1.6475,1.6995,1.7198,1.646,-2.80%
18-Oct-92,1.6225,1.6255,1.648,1.604,-1.52%
25-Oct-92,1.5575,1.6165,1.62,1.5535,-4.01%
1-Nov-92,1.53,1.5545,1.562,1.527,-1.77%
8-Nov-92,1.55,1.528,1.555,1.507,1.31%
15-Nov-92,1.5115,1.5455,1.549,1.507,-2.48%
22-Nov-92,1.512,1.5065,1.5305,1.5035,0.03%
29-Nov-92,1.56,1.513,1.5855,1.502,3.17%
6-Dec-92,1.556,1.5591,1.6105,1.5425,-0.26%
13-Dec-92,1.5675,1.5605,1.5902,1.5585,0.74%
20-Dec-92,1.5215,1.5675,1.5705,1.5205,-2.93%
27-Dec-92,1.5105,1.522,1.5226,1.494,-0.72%
3-Jan-93,1.5313,1.5109,1.5669,1.4939,1.38%
10-Jan-93,1.5305,1.544,1.5618,1.5275,-0.05%
17-Jan-93,1.5305,1.5355,1.5555,1.5115,0.00%
24-Jan-93,1.4865,1.5338,1.5675,1.4835,-2.87%
31-Jan-93,1.4455,1.4735,1.4777,1.426,-2.76%
7-Feb-93,1.421,1.446,1.457,1.4068,-1.69%
14-Feb-93,1.454,1.424,1.4655,1.408,2.32%
21-Feb-93,1.4245,1.452,1.464,1.419,-2.03%
28-Feb-93,1.4455,1.4219,1.4623,1.4212,1.47%
7-Mar-93,1.4325,1.444,1.4495,1.4265,-0.90%
14-Mar-93,1.491,1.4333,1.4975,1.4302,4.08%
21-Mar-93,1.487,1.486,1.4942,1.4705,-0.27%
28-Mar-93,1.522,1.491,1.54,1.4875,2.35%
4-Apr-93,1.528,1.523,1.531,1.507,0.39%
11-Apr-93,1.5255,1.528,1.5628,1.5225,-0.16%
18-Apr-93,1.5745,1.5275,1.581,1.5255,3.21%
25-Apr-93,1.5735,1.5765,1.5975,1.5662,-0.06%
2-May-93,1.5701,1.5694,1.5899,1.5504,-0.22%
9-May-93,1.538,1.566,1.5675,1.5185,-2.04%
16-May-93,1.542,1.5385,1.5598,1.5242,0.26%
23-May-93,1.5612,1.541,1.5675,1.5294,1.25%
30-May-93,1.5088,1.56,1.5657,1.5057,-3.36%
6-Jun-93,1.5217,1.5067,1.5393,1.5065,0.85%
13-Jun-93,1.498,1.5215,1.535,1.4925,-1.56%
20-Jun-93,1.4765,1.4935,1.4965,1.4643,-1.44%
27-Jun-93,1.5075,1.4795,1.5255,1.4755,2.10%
4-Jul-93,1.4805,1.5088,1.514,1.477,-1.79%
11-Jul-93,1.4865,1.484,1.5045,1.4725,0.41%
18-Jul-93,1.5045,1.4845,1.5215,1.4835,1.21%
25-Jul-93,1.482,1.505,1.5056,1.4755,-1.50%
1-Aug-93,1.4985,1.48,1.509,1.478,1.11%
8-Aug-93,1.4595,1.4945,1.4985,1.4555,-2.60%
15-Aug-93,1.5145,1.4615,1.521,1.46,3.77%
22-Aug-93,1.504,1.5175,1.518,1.4785,-0.69%
29-Aug-93,1.531,1.5045,1.5323,1.4855,1.80%
5-Sep-93,1.552,1.5305,1.557,1.5244,1.37%
12-Sep-93,1.5325,1.5517,1.5577,1.5247,-1.26%
19-Sep-93,1.5085,1.528,1.543,1.4925,-1.57%
26-Sep-93,1.506,1.5155,1.5189,1.489,-0.17%
3-Oct-93,1.5345,1.497,1.5385,1.4938,1.89%
10-Oct-93,1.511,1.5343,1.5395,1.5085,-1.53%
17-Oct-93,1.4725,1.5082,1.5082,1.4705,-2.55%
24-Oct-93,1.4785,1.4785,1.4975,1.473,0.41%
31-Oct-93,1.4842,1.481,1.4881,1.471,0.39%
7-Nov-93,1.493,1.4845,1.4978,1.464,0.59%
14-Nov-93,1.4735,1.4925,1.4955,1.4695,-1.31%
21-Nov-93,1.479,1.4735,1.495,1.4698,0.37%
28-Nov-93,1.491,1.4822,1.496,1.476,0.81%
5-Dec-93,1.4961,1.4927,1.5055,1.4865,0.34%
12-Dec-93,1.4865,1.4939,1.4975,1.4765,-0.64%
19-Dec-93,1.5035,1.488,1.5095,1.4838,1.14%
26-Dec-93,1.477,1.5045,1.5105,1.4725,-1.76%
2-Jan-94,1.493,1.4755,1.4955,1.4747,1.08%
9-Jan-94,1.4935,1.4925,1.5065,1.487,0.03%
16-Jan-94,1.492,1.4895,1.5035,1.4875,-0.10%
23-Jan-94,1.495,1.491,1.5115,1.4895,0.20%
30-Jan-94,1.4765,1.494,1.5092,1.4735,-1.24%
6-Feb-94,1.4627,1.4755,1.488,1.4545,-0.93%
13-Feb-94,1.482,1.4643,1.4931,1.4626,1.32%
20-Feb-94,1.4885,1.4818,1.494,1.473,0.44%
27-Feb-94,1.4893,1.489,1.4998,1.4832,0.05%
6-Mar-94,1.5,1.4895,1.5055,1.4855,0.72%
13-Mar-94,1.491,1.5012,1.5015,1.4848,-0.60%
20-Mar-94,1.499,1.4902,1.504,1.4812,0.54%
27-Mar-94,1.4735,1.4995,1.5013,1.4715,-1.70%
3-Apr-94,1.4755,1.473,1.479,1.461,0.14%
10-Apr-94,1.4715,1.4771,1.4799,1.4661,-0.27%
17-Apr-94,1.4885,1.4712,1.4985,1.4685,1.16%
24-Apr-94,1.5196,1.489,1.5242,1.488,2.09%
1-May-94,1.4939,1.5162,1.5208,1.4893,-1.69%
8-May-94,1.4988,1.491,1.503,1.485,0.33%
15-May-94,1.505,1.4978,1.515,1.4958,0.41%
22-May-94,1.5102,1.5065,1.513,1.5029,0.35%
29-May-94,1.5055,1.5105,1.5205,1.502,-0.31%
5-Jun-94,1.5088,1.5042,1.5128,1.5017,0.22%
12-Jun-94,1.5345,1.5091,1.5375,1.5076,1.70%
19-Jun-94,1.553,1.5342,1.556,1.5275,1.21%
26-Jun-94,1.5385,1.5541,1.5588,1.5295,-0.93%
3-Jul-94,1.5497,1.5351,1.5522,1.5326,0.73%
10-Jul-94,1.5625,1.5546,1.5762,1.5535,0.83%
17-Jul-94,1.5276,1.5619,1.5659,1.5192,-2.23%
24-Jul-94,1.544,1.5313,1.5452,1.521,1.07%
31-Jul-94,1.5415,1.5527,1.553,1.533,-0.16%
7-Aug-94,1.5465,1.5444,1.5545,1.5305,0.32%
14-Aug-94,1.548,1.5448,1.554,1.5325,0.10%
21-Aug-94,1.53,1.5495,1.5592,1.526,-1.16%
28-Aug-94,1.5487,1.5294,1.5495,1.5265,1.22%
4-Sep-94,1.553,1.5457,1.5565,1.54,0.28%
11-Sep-94,1.581,1.5525,1.5875,1.5505,1.80%
18-Sep-94,1.5772,1.5797,1.5832,1.5635,-0.24%
25-Sep-94,1.578,1.5782,1.5835,1.57,0.05%
2-Oct-94,1.5865,1.5797,1.597,1.574,0.54%
9-Oct-94,1.594,1.5852,1.5967,1.576,0.47%
16-Oct-94,1.627,1.592,1.6336,1.5915,2.07%
23-Oct-94,1.6235,1.6276,1.6421,1.618,-0.22%
30-Oct-94,1.6153,1.6204,1.6443,1.6054,-0.51%
6-Nov-94,1.5969,1.6164,1.6244,1.5939,-1.14%
13-Nov-94,1.566,1.5971,1.5972,1.5636,-1.93%
20-Nov-94,1.5629,1.5654,1.5768,1.5598,-0.20%
27-Nov-94,1.5596,1.5623,1.5725,1.5568,-0.21%
4-Dec-94,1.5605,1.5607,1.5695,1.5545,0.06%
11-Dec-94,1.5605,1.5602,1.567,1.5575,0.00%
18-Dec-94,1.5463,1.5602,1.5629,1.5397,-0.91%
25-Dec-94,1.5665,1.5455,1.5765,1.54,1.31%
1-Jan-95,1.5503,1.5663,1.5663,1.5478,-1.03%
8-Jan-95,1.5675,1.5495,1.576,1.5495,1.11%
15-Jan-95,1.5888,1.569,1.592,1.562,1.36%
22-Jan-95,1.589,1.5857,1.6025,1.584,0.01%
29-Jan-95,1.5635,1.5885,1.5992,1.56,-1.60%
5-Feb-95,1.5635,1.562,1.5658,1.55,0.00%
12-Feb-95,1.5817,1.5618,1.5883,1.552,1.16%
19-Feb-95,1.5885,1.5826,1.597,1.5735,0.43%
26-Feb-95,1.6295,1.5779,1.6315,1.5753,2.58%
5-Mar-95,1.574,1.6326,1.6571,1.564,-3.41%
12-Mar-95,1.584,1.5755,1.604,1.5725,0.64%
19-Mar-95,1.5925,1.5875,1.6015,1.5705,0.54%
26-Mar-95,1.622,1.5908,1.6325,1.5895,1.85%
2-Apr-95,1.6145,1.6248,1.6273,1.5977,-0.46%
9-Apr-95,1.6045,1.6115,1.614,1.5873,-0.62%
16-Apr-95,1.6125,1.6035,1.6255,1.6013,0.50%
23-Apr-95,1.6125,1.614,1.623,1.5955,0.00%
30-Apr-95,1.5975,1.6095,1.6245,1.595,-0.93%
7-May-95,1.566,1.6004,1.6107,1.5534,-1.97%
14-May-95,1.5705,1.5648,1.581,1.5587,0.29%
21-May-95,1.604,1.5702,1.6125,1.5632,2.13%
28-May-95,1.588,1.6045,1.6085,1.58,-1.00%
4-Jun-95,1.5935,1.5902,1.6005,1.5859,0.35%
11-Jun-95,1.6055,1.5943,1.6165,1.592,0.75%
18-Jun-95,1.6054,1.6016,1.6119,1.5919,-0.01%
25-Jun-95,1.595,1.6052,1.606,1.569,-0.65%
2-Jul-95,1.5965,1.5931,1.6043,1.5853,0.09%
9-Jul-95,1.5945,1.5962,1.6053,1.5855,-0.13%
16-Jul-95,1.594,1.5943,1.602,1.5908,-0.03%
23-Jul-95,1.6,1.595,1.6042,1.5863,0.38%
30-Jul-95,1.6058,1.6026,1.6115,1.5945,0.36%
6-Aug-95,1.571,1.6055,1.609,1.5685,-2.17%
13-Aug-95,1.5395,1.5653,1.5789,1.5302,-2.01%
20-Aug-95,1.549,1.54,1.5535,1.5305,0.62%
27-Aug-95,1.556,1.5515,1.5595,1.5395,0.45%
3-Sep-95,1.5505,1.5586,1.5615,1.5437,-0.35%
10-Sep-95,1.5505,1.5547,1.5585,1.543,0.00%
17-Sep-95,1.574,1.5469,1.5985,1.5433,1.52%
24-Sep-95,1.5835,1.573,1.5853,1.563,0.60%
1-Oct-95,1.583,1.583,1.5951,1.5745,-0.03%
8-Oct-95,1.5757,1.5821,1.5892,1.5682,-0.46%
15-Oct-95,1.5732,1.5751,1.5802,1.5667,-0.16%
22-Oct-95,1.5765,1.5736,1.5875,1.5705,0.21%
29-Oct-95,1.58,1.5759,1.5849,1.5729,0.22%
5-Nov-95,1.567,1.5782,1.5865,1.5625,-0.82%
12-Nov-95,1.5435,1.5673,1.5703,1.5393,-1.50%
19-Nov-95,1.56,1.5456,1.5664,1.5405,1.07%
26-Nov-95,1.531,1.5606,1.5608,1.5242,-1.86%
3-Dec-95,1.5335,1.5332,1.5465,1.52,0.16%
10-Dec-95,1.5362,1.5345,1.5454,1.5276,0.18%
17-Dec-95,1.543,1.5382,1.546,1.5345,0.44%
24-Dec-95,1.5508,1.5403,1.5628,1.5368,0.51%
31-Dec-95,1.5525,1.547,1.5606,1.5405,0.11%
7-Jan-96,1.5465,1.5497,1.553,1.5395,-0.39%
14-Jan-96,1.5075,1.5461,1.5473,1.503,-2.52%
21-Jan-96,1.502,1.5116,1.5191,1.4975,-0.36%
28-Jan-96,1.5243,1.5045,1.526,1.5015,1.48%
4-Feb-96,1.5307,1.5273,1.546,1.5269,0.42%
11-Feb-96,1.5515,1.5283,1.5535,1.5257,1.36%
18-Feb-96,1.5431,1.5504,1.5513,1.5368,-0.54%
25-Feb-96,1.5285,1.5409,1.5447,1.5242,-0.95%
3-Mar-96,1.522,1.5298,1.533,1.516,-0.43%
10-Mar-96,1.5295,1.5217,1.5314,1.5164,0.49%
17-Mar-96,1.5365,1.5285,1.541,1.5256,0.46%
24-Mar-96,1.5265,1.5346,1.5358,1.5171,-0.65%
31-Mar-96,1.5288,1.5261,1.532,1.5229,0.15%
7-Apr-96,1.5125,1.5266,1.5327,1.5047,-1.07%
14-Apr-96,1.5135,1.5113,1.5248,1.5036,0.07%
21-Apr-96,1.5135,1.5116,1.5181,1.5046,0.00%
28-Apr-96,1.5076,1.5137,1.5151,1.4891,-0.39%
5-May-96,1.5209,1.5064,1.5293,1.5059,0.88%
12-May-96,1.5135,1.5206,1.5217,1.5101,-0.49%
19-May-96,1.512,1.5121,1.5167,1.5072,-0.10%
26-May-96,1.5511,1.5118,1.553,1.5095,2.59%
2-Jun-96,1.536,1.553,1.557,1.536,-0.97%
9-Jun-96,1.5372,1.5373,1.5433,1.5273,0.08%
16-Jun-96,1.5355,1.5356,1.55,1.535,-0.11%
23-Jun-96,1.5527,1.5374,1.5546,1.5334,1.12%
30-Jun-96,1.5575,1.5516,1.5646,1.5513,0.31%
7-Jul-96,1.5513,1.5555,1.5576,1.5469,-0.40%
14-Jul-96,1.545,1.5515,1.5647,1.5375,-0.41%
21-Jul-96,1.5551,1.5446,1.5621,1.5431,0.65%
28-Jul-96,1.5427,1.5551,1.5615,1.54,-0.80%
4-Aug-96,1.5511,1.5429,1.5541,1.5343,0.54%
11-Aug-96,1.548,1.5518,1.5534,1.5456,-0.20%
18-Aug-96,1.5566,1.5484,1.5574,1.5423,0.56%
25-Aug-96,1.5621,1.5568,1.5654,1.5526,0.35%
1-Sep-96,1.5595,1.5613,1.5731,1.558,-0.17%
8-Sep-96,1.5554,1.5599,1.562,1.5507,-0.26%
15-Sep-96,1.5555,1.5553,1.5637,1.5489,0.01%
22-Sep-96,1.5633,1.5544,1.5679,1.5513,0.50%
29-Sep-96,1.5657,1.5628,1.5697,1.5604,0.15%
6-Oct-96,1.5757,1.5643,1.5776,1.5607,0.64%
13-Oct-96,1.5888,1.5793,1.5932,1.5772,0.83%
20-Oct-96,1.6041,1.5912,1.6094,1.5884,0.96%
27-Oct-96,1.637,1.6046,1.644,1.6025,2.05%
3-Nov-96,1.6477,1.6366,1.6565,1.6327,0.65%
10-Nov-96,1.6633,1.6485,1.6702,1.6418,0.95%
17-Nov-96,1.6793,1.6636,1.691,1.66,0.96%
24-Nov-96,1.682,1.6815,1.685,1.665,0.16%
1-Dec-96,1.6475,1.6828,1.6879,1.61,-2.05%
8-Dec-96,1.6563,1.6438,1.6636,1.6407,0.53%
15-Dec-96,1.671,1.6558,1.6758,1.655,0.89%
22-Dec-96,1.6935,1.6715,1.695,1.6685,1.35%
29-Dec-96,1.687,1.6905,1.7168,1.6833,-0.38%
5-Jan-97,1.6805,1.6871,1.7023,1.6748,-0.39%
12-Jan-97,1.667,1.68,1.6848,1.665,-0.80%
19-Jan-97,1.6315,1.6682,1.6707,1.6195,-2.13%
26-Jan-97,1.6025,1.628,1.631,1.5953,-1.78%
2-Feb-97,1.6305,1.5987,1.646,1.596,1.75%
9-Feb-97,1.6215,1.6365,1.6457,1.6155,-0.55%
16-Feb-97,1.6178,1.6202,1.6227,1.5985,-0.23%
23-Feb-97,1.6295,1.6208,1.6425,1.6168,0.72%
2-Mar-97,1.6035,1.6275,1.6315,1.5975,-1.60%
9-Mar-97,1.6017,1.6022,1.61,1.5884,-0.11%
16-Mar-97,1.6045,1.6025,1.606,1.5855,0.17%
23-Mar-97,1.631,1.604,1.6345,1.6017,1.65%
30-Mar-97,1.634,1.6285,1.6555,1.6285,0.18%
6-Apr-97,1.6275,1.6333,1.6355,1.6177,-0.40%
13-Apr-97,1.6335,1.629,1.6355,1.6187,0.37%
20-Apr-97,1.6235,1.6327,1.64,1.6159,-0.61%
27-Apr-97,1.6225,1.6258,1.6343,1.6,-0.06%
4-May-97,1.623,1.6238,1.6409,1.609,0.03%
11-May-97,1.636,1.6227,1.6497,1.6159,0.80%
18-May-97,1.6355,1.6363,1.6603,1.6225,-0.03%
25-May-97,1.641,1.6383,1.6456,1.628,0.34%
1-Jun-97,1.6325,1.6413,1.643,1.6192,-0.52%
8-Jun-97,1.635,1.6325,1.6438,1.6255,0.15%
15-Jun-97,1.6567,1.6348,1.6582,1.6333,1.33%
22-Jun-97,1.6628,1.657,1.673,1.6529,0.37%
29-Jun-97,1.6865,1.6645,1.6934,1.6495,1.43%
6-Jul-97,1.6908,1.6892,1.6991,1.6814,0.25%
13-Jul-97,1.6788,1.688,1.6938,1.6644,-0.71%
20-Jul-97,1.662,1.6785,1.6866,1.66,-1.00%
27-Jul-97,1.6315,1.6623,1.6645,1.6208,-1.84%
3-Aug-97,1.5896,1.6316,1.6348,1.5665,-2.57%
10-Aug-97,1.6105,1.5865,1.613,1.5713,1.31%
17-Aug-97,1.6085,1.6105,1.6161,1.5848,-0.12%
24-Aug-97,1.6205,1.6092,1.6255,1.6015,0.75%
31-Aug-97,1.593,1.613,1.6164,1.578,-1.70%
7-Sep-97,1.609,1.59,1.6101,1.5795,1.00%
14-Sep-97,1.6113,1.6025,1.618,1.5879,0.14%
21-Sep-97,1.6065,1.61,1.63,1.5998,-0.30%
28-Sep-97,1.6165,1.6135,1.6211,1.599,0.62%
5-Oct-97,1.622,1.6153,1.631,1.6105,0.34%
12-Oct-97,1.6165,1.6219,1.6255,1.6125,-0.34%
19-Oct-97,1.6325,1.629,1.6399,1.6261,0.99%
26-Oct-97,1.6735,1.635,1.6879,1.634,2.51%
2-Nov-97,1.6895,1.678,1.6965,1.671,0.96%
9-Nov-97,1.6925,1.6851,1.715,1.6788,0.18%
16-Nov-97,1.6935,1.6905,1.6995,1.6839,0.06%
23-Nov-97,1.689,1.6895,1.6963,1.6673,-0.27%
30-Nov-97,1.659,1.6915,1.6915,1.6505,-1.78%
7-Dec-97,1.6515,1.6595,1.6655,1.6433,-0.45%
14-Dec-97,1.6705,1.647,1.6762,1.6275,1.15%
21-Dec-97,1.6784,1.6678,1.68,1.6578,0.47%
28-Dec-97,1.645,1.676,1.6793,1.635,-1.99%
4-Jan-98,1.6127,1.6427,1.6468,1.6097,-1.96%
11-Jan-98,1.634,1.6135,1.6399,1.609,1.32%
18-Jan-98,1.6715,1.6347,1.6753,1.6204,2.29%
25-Jan-98,1.6335,1.675,1.6865,1.6305,-2.27%
1-Feb-98,1.6435,1.6335,1.6598,1.625,0.61%
8-Feb-98,1.6415,1.64,1.6453,1.621,-0.12%
15-Feb-98,1.6375,1.6415,1.6447,1.6265,-0.24%
22-Feb-98,1.6442,1.6361,1.6532,1.6313,0.41%
1-Mar-98,1.6355,1.644,1.663,1.629,-0.53%
8-Mar-98,1.6715,1.638,1.675,1.6328,2.20%
15-Mar-98,1.6685,1.6726,1.679,1.6601,-0.18%
22-Mar-98,1.6827,1.6685,1.6895,1.6651,0.85%
29-Mar-98,1.6578,1.683,1.6858,1.6553,-1.48%
5-Apr-98,1.674,1.656,1.681,1.6555,0.98%
12-Apr-98,1.6845,1.6715,1.6977,1.6655,0.63%
19-Apr-98,1.6679,1.6835,1.6865,1.6585,-0.99%
26-Apr-98,1.6667,1.6675,1.678,1.6567,-0.07%
3-May-98,1.637,1.662,1.6708,1.6335,-1.78%
10-May-98,1.6265,1.6365,1.6442,1.6199,-0.64%
17-May-98,1.6305,1.6213,1.6357,1.6157,0.25%
24-May-98,1.6305,1.6324,1.643,1.6212,0.00%
31-May-98,1.6339,1.6332,1.6535,1.6275,0.21%
7-Jun-98,1.6338,1.633,1.6385,1.6255,-0.01%
14-Jun-98,1.672,1.6328,1.6788,1.6265,2.34%
21-Jun-98,1.6627,1.6667,1.6773,1.6572,-0.56%
28-Jun-98,1.6475,1.6587,1.671,1.6451,-0.91%
5-Jul-98,1.6305,1.646,1.6495,1.6271,-1.03%
12-Jul-98,1.6445,1.63,1.6461,1.6293,0.86%
19-Jul-98,1.6595,1.6453,1.662,1.6375,0.91%
26-Jul-98,1.6341,1.6578,1.6598,1.6298,-1.53%
2-Aug-98,1.629,1.6342,1.6416,1.6214,-0.31%
9-Aug-98,1.6168,1.6277,1.6364,1.616,-0.75%
16-Aug-98,1.6375,1.6195,1.6388,1.6083,1.28%
23-Aug-98,1.6805,1.6348,1.6847,1.633,2.63%
30-Aug-98,1.6705,1.6818,1.6896,1.6635,-0.60%
6-Sep-98,1.6735,1.6687,1.6947,1.6515,0.18%
13-Sep-98,1.6835,1.669,1.6935,1.6685,0.60%
20-Sep-98,1.699,1.6775,1.7082,1.671,0.92%
27-Sep-98,1.6991,1.6978,1.7148,1.6919,0.01%
4-Oct-98,1.7055,1.6989,1.7371,1.677,0.38%
11-Oct-98,1.7025,1.701,1.7123,1.6867,-0.18%
18-Oct-98,1.6888,1.7033,1.7109,1.6865,-0.80%
25-Oct-98,1.6749,1.6862,1.6892,1.6612,-0.82%
1-Nov-98,1.6613,1.677,1.6785,1.6493,-0.81%
8-Nov-98,1.664,1.66,1.6707,1.6525,0.16%
15-Nov-98,1.6557,1.665,1.6804,1.6543,-0.50%
22-Nov-98,1.6538,1.656,1.6652,1.645,-0.11%
29-Nov-98,1.6625,1.6538,1.6731,1.6449,0.53%
6-Dec-98,1.6892,1.6605,1.691,1.6468,1.61%
13-Dec-98,1.6817,1.686,1.6945,1.669,-0.44%
20-Dec-98,1.6723,1.6845,1.6865,1.6718,-0.56%
27-Dec-98,1.6542,1.6728,1.6856,1.6523,-1.08%
3-Jan-99,1.6423,1.6585,1.6723,1.6365,-0.72%
10-Jan-99,1.6503,1.6402,1.6648,1.6233,0.49%
17-Jan-99,1.6563,1.6496,1.6625,1.6418,0.36%
24-Jan-99,1.6458,1.6547,1.6627,1.6418,-0.63%
31-Jan-99,1.6325,1.6478,1.6484,1.63,-0.81%
7-Feb-99,1.634,1.6315,1.6437,1.6191,0.09%
14-Feb-99,1.6223,1.6332,1.6393,1.6201,-0.72%
21-Feb-99,1.603,1.6235,1.628,1.5954,-1.19%
28-Feb-99,1.6067,1.5982,1.623,1.5954,0.23%
7-Mar-99,1.6315,1.6019,1.6417,1.601,1.54%
14-Mar-99,1.6283,1.6305,1.6359,1.6177,-0.20%
21-Mar-99,1.6237,1.6285,1.6482,1.6175,-0.28%
28-Mar-99,1.6035,1.6225,1.6245,1.6013,-1.24%
4-Apr-99,1.6075,1.604,1.612,1.5843,0.25%
11-Apr-99,1.6132,1.6085,1.621,1.6034,0.35%
18-Apr-99,1.6155,1.612,1.6242,1.6043,0.14%
25-Apr-99,1.6095,1.614,1.6227,1.606,-0.37%
2-May-99,1.6295,1.6093,1.6437,1.607,1.24%
9-May-99,1.619,1.6295,1.6347,1.6137,-0.64%
16-May-99,1.6006,1.6217,1.6258,1.6,-1.14%
23-May-99,1.6014,1.6002,1.6058,1.5877,0.05%
30-May-99,1.6103,1.6028,1.6142,1.599,0.56%
6-Jun-99,1.617,1.61,1.6178,1.597,0.42%
13-Jun-99,1.5968,1.6151,1.6164,1.5856,-1.25%
20-Jun-99,1.5875,1.5943,1.5959,1.5739,-0.58%
27-Jun-99,1.5787,1.5839,1.5876,1.5695,-0.55%
4-Jul-99,1.5487,1.5775,1.5789,1.5475,-1.90%
11-Jul-99,1.5625,1.55,1.5708,1.5485,0.89%
18-Jul-99,1.5785,1.5632,1.588,1.5573,1.02%
25-Jul-99,1.6215,1.5795,1.6255,1.5795,2.72%
1-Aug-99,1.6084,1.6208,1.6295,1.6078,-0.81%
8-Aug-99,1.6045,1.609,1.6195,1.601,-0.24%
15-Aug-99,1.6145,1.6058,1.6222,1.5957,0.62%
22-Aug-99,1.588,1.615,1.6185,1.5838,-1.64%
29-Aug-99,1.603,1.589,1.6162,1.5859,0.94%
5-Sep-99,1.6187,1.602,1.6379,1.5995,0.98%
12-Sep-99,1.6235,1.62,1.6269,1.5983,0.30%
19-Sep-99,1.6433,1.6233,1.6471,1.6197,1.22%
26-Sep-99,1.6543,1.6405,1.6569,1.6394,0.67%
3-Oct-99,1.6525,1.6554,1.6604,1.6472,-0.11%
10-Oct-99,1.6689,1.651,1.673,1.6497,0.99%
17-Oct-99,1.6548,1.6687,1.6798,1.6531,-0.84%
24-Oct-99,1.6435,1.6567,1.665,1.6329,-0.68%
31-Oct-99,1.6194,1.6439,1.6519,1.6146,-1.47%
7-Nov-99,1.6158,1.6234,1.6292,1.6104,-0.22%
14-Nov-99,1.6205,1.6152,1.6292,1.6123,0.29%
21-Nov-99,1.6067,1.6198,1.6282,1.6021,-0.85%
28-Nov-99,1.6004,1.6058,1.6085,1.5912,-0.39%
5-Dec-99,1.6208,1.6016,1.6311,1.5991,1.27%
12-Dec-99,1.6041,1.622,1.6263,1.6023,-1.03%
19-Dec-99,1.6151,1.6046,1.6231,1.6014,0.69%
26-Dec-99,1.6181,1.615,1.621,1.6115,0.19%
2-Jan-00,1.6387,1.6144,1.6512,1.6144,1.27%
9-Jan-00,1.634,1.6389,1.6514,1.6326,-0.29%
16-Jan-00,1.6494,1.6351,1.6583,1.6297,0.94%
23-Jan-00,1.6191,1.6468,1.656,1.6163,-1.84%
30-Jan-00,1.5923,1.6232,1.6263,1.5832,-1.66%
6-Feb-00,1.5925,1.5909,1.6176,1.5876,0.01%
13-Feb-00,1.6017,1.5932,1.6141,1.5838,0.58%
20-Feb-00,1.5949,1.5994,1.6195,1.5884,-0.42%
27-Feb-00,1.5787,1.593,1.5993,1.5751,-1.02%
5-Mar-00,1.5763,1.578,1.5876,1.5692,-0.15%
12-Mar-00,1.5743,1.5764,1.5829,1.5678,-0.13%
19-Mar-00,1.5936,1.5756,1.5938,1.5612,1.23%
26-Mar-00,1.5921,1.5939,1.6011,1.5815,-0.09%
2-Apr-00,1.5793,1.5913,1.6076,1.5776,-0.80%
9-Apr-00,1.5882,1.58,1.5933,1.5789,0.56%
16-Apr-00,1.5775,1.5892,1.5913,1.5746,-0.67%
23-Apr-00,1.552,1.5764,1.5828,1.5504,-1.62%
30-Apr-00,1.5286,1.5524,1.5672,1.5249,-1.51%
7-May-00,1.5174,1.5288,1.5371,1.4931,-0.73%
14-May-00,1.4874,1.5225,1.523,1.4745,-1.98%
21-May-00,1.4899,1.4861,1.497,1.4667,0.17%
28-May-00,1.5103,1.4889,1.5134,1.486,1.37%
4-Jun-00,1.5085,1.5084,1.532,1.5005,-0.12%
11-Jun-00,1.5157,1.5094,1.5183,1.496,0.48%
18-Jun-00,1.5006,1.5139,1.5204,1.4941,-1.00%
25-Jun-00,1.5172,1.5015,1.5212,1.4937,1.11%
2-Jul-00,1.5138,1.5159,1.5189,1.5039,-0.22%
9-Jul-00,1.5008,1.5131,1.5197,1.4971,-0.86%
16-Jul-00,1.517,1.5006,1.5204,1.4904,1.08%
23-Jul-00,1.503,1.5177,1.5228,1.4985,-0.92%
30-Jul-00,1.5042,1.503,1.508,1.4827,0.08%
6-Aug-00,1.5022,1.5058,1.5146,1.4955,-0.13%
13-Aug-00,1.49,1.5023,1.5143,1.4882,-0.81%
20-Aug-00,1.4695,1.4904,1.4936,1.4691,-1.38%
27-Aug-00,1.4641,1.4708,1.4738,1.4422,-0.37%
3-Sep-00,1.414,1.4625,1.467,1.414,-3.42%
10-Sep-00,1.3967,1.4136,1.4236,1.395,-1.22%
17-Sep-00,1.4529,1.399,1.4799,1.3959,4.02%
24-Sep-00,1.4763,1.4575,1.4801,1.4502,1.61%
1-Oct-00,1.4459,1.4764,1.4808,1.4419,-2.06%
8-Oct-00,1.4505,1.4474,1.4806,1.4451,0.32%
15-Oct-00,1.4515,1.452,1.4622,1.434,0.07%
22-Oct-00,1.4552,1.4524,1.4583,1.419,0.25%
29-Oct-00,1.4487,1.4545,1.4676,1.4394,-0.45%
5-Nov-00,1.4255,1.4496,1.4536,1.4128,-1.60%
12-Nov-00,1.4243,1.427,1.443,1.4201,-0.08%
19-Nov-00,1.3994,1.423,1.4293,1.3956,-1.75%
26-Nov-00,1.4432,1.3998,1.4434,1.3996,3.13%
3-Dec-00,1.4469,1.4408,1.456,1.4309,0.26%
10-Dec-00,1.4747,1.4474,1.4784,1.443,1.92%
17-Dec-00,1.4783,1.4744,1.4844,1.4609,0.24%
24-Dec-00,1.4959,1.4752,1.4982,1.474,1.19%
31-Dec-00,1.5029,1.4965,1.51,1.4884,0.47%
7-Jan-01,1.4771,1.5034,1.5108,1.4753,-1.72%
14-Jan-01,1.4631,1.4783,1.4811,1.4629,-0.95%
21-Jan-01,1.461,1.4636,1.474,1.4459,-0.14%
28-Jan-01,1.4705,1.4617,1.4838,1.4555,0.65%
4-Feb-01,1.4432,1.4688,1.4787,1.4369,-1.86%
11-Feb-01,1.4445,1.4454,1.4614,1.4442,0.09%
18-Feb-01,1.4537,1.4472,1.4557,1.4316,0.64%
25-Feb-01,1.4711,1.4546,1.4768,1.4392,1.20%
4-Mar-01,1.4697,1.4695,1.4754,1.4577,-0.10%
11-Mar-01,1.4301,1.4679,1.4699,1.4253,-2.69%
18-Mar-01,1.4245,1.4326,1.4398,1.4179,-0.39%
25-Mar-01,1.4161,1.4267,1.443,1.4153,-0.59%
1-Apr-01,1.44,1.4144,1.4413,1.4137,1.69%
8-Apr-01,1.439,1.4408,1.4504,1.4272,-0.07%
15-Apr-01,1.4413,1.4369,1.4489,1.4187,0.16%
22-Apr-01,1.4405,1.4421,1.4477,1.4314,-0.06%
29-Apr-01,1.4393,1.435,1.4452,1.4267,-0.08%
6-May-01,1.419,1.4375,1.4417,1.4134,-1.41%
13-May-01,1.4396,1.4194,1.4398,1.4156,1.45%
20-May-01,1.4225,1.4394,1.442,1.4075,-1.19%
27-May-01,1.4187,1.421,1.4282,1.4114,-0.27%
3-Jun-01,1.3787,1.4213,1.4216,1.3771,-2.82%
10-Jun-01,1.4033,1.3823,1.4109,1.368,1.78%
17-Jun-01,1.4131,1.4038,1.4198,1.3906,0.70%
24-Jun-01,1.4159,1.4123,1.4228,1.4029,0.20%
1-Jul-01,1.4119,1.4155,1.4186,1.3967,-0.28%
8-Jul-01,1.4041,1.4113,1.4192,1.3978,-0.55%
15-Jul-01,1.4278,1.4047,1.4357,1.393,1.69%
22-Jul-01,1.4238,1.4238,1.4318,1.4156,-0.28%
29-Jul-01,1.4295,1.4226,1.436,1.4207,0.40%
5-Aug-01,1.4233,1.4281,1.4289,1.412,-0.43%
12-Aug-01,1.4455,1.4234,1.452,1.416,1.56%
19-Aug-01,1.4431,1.4452,1.459,1.4406,-0.17%
26-Aug-01,1.4539,1.4434,1.4626,1.4376,0.75%
2-Sep-01,1.4611,1.4529,1.4638,1.4405,0.50%
9-Sep-01,1.4723,1.4603,1.4792,1.4532,0.77%
16-Sep-01,1.457,1.4718,1.4788,1.4516,-1.04%
23-Sep-01,1.4745,1.4564,1.4776,1.4529,1.20%
30-Sep-01,1.4844,1.4727,1.4844,1.4618,0.67%
7-Oct-01,1.453,1.484,1.484,1.4399,-2.12%
14-Oct-01,1.4333,1.451,1.455,1.4324,-1.36%
21-Oct-01,1.4367,1.4336,1.4379,1.4197,0.24%
28-Oct-01,1.4622,1.4357,1.4691,1.4357,1.77%
4-Nov-01,1.4564,1.4615,1.4674,1.4475,-0.40%
11-Nov-01,1.4272,1.4567,1.4624,1.4268,-2.00%
18-Nov-01,1.4103,1.4277,1.4285,1.4038,-1.18%
25-Nov-01,1.4242,1.4104,1.4301,1.4061,0.99%
2-Dec-01,1.4334,1.4236,1.4338,1.414,0.65%
9-Dec-01,1.4532,1.4319,1.4569,1.4273,1.38%
16-Dec-01,1.4379,1.4531,1.4611,1.4345,-1.05%
23-Dec-01,1.4501,1.4401,1.4554,1.4328,0.85%
30-Dec-01,1.4459,1.4504,1.4565,1.4364,-0.29%
6-Jan-02,1.4491,1.4476,1.4495,1.4337,0.22%
13-Jan-02,1.4373,1.4493,1.4537,1.4295,-0.81%
20-Jan-02,1.4096,1.4365,1.4421,1.4064,-1.93%
27-Jan-02,1.4177,1.4087,1.4185,1.4042,0.57%
3-Feb-02,1.4153,1.4143,1.425,1.4066,-0.17%
10-Feb-02,1.4314,1.4129,1.4364,1.4129,1.14%
17-Feb-02,1.4326,1.4317,1.4347,1.4224,0.08%
24-Feb-02,1.4181,1.4314,1.4329,1.4106,-1.01%
3-Mar-02,1.4211,1.4182,1.4316,1.4158,0.21%
10-Mar-02,1.4245,1.4215,1.4273,1.4089,0.24%
17-Mar-02,1.4255,1.424,1.4327,1.4192,0.07%
24-Mar-02,1.4258,1.4251,1.4318,1.4214,0.02%
31-Mar-02,1.4329,1.4258,1.4433,1.4249,0.50%
7-Apr-02,1.4373,1.4306,1.4407,1.4286,0.31%
14-Apr-02,1.4475,1.4373,1.4503,1.4341,0.71%
21-Apr-02,1.4585,1.4464,1.4585,1.4449,0.76%
28-Apr-02,1.469,1.4576,1.471,1.4549,0.72%
5-May-02,1.4638,1.4688,1.4697,1.4533,-0.35%
12-May-02,1.4575,1.4634,1.4651,1.4467,-0.43%
19-May-02,1.458,1.4595,1.4635,1.4508,0.03%
26-May-02,1.4541,1.4566,1.4691,1.4537,-0.27%
2-Jun-02,1.4596,1.4571,1.4668,1.4531,0.38%
9-Jun-02,1.4771,1.4596,1.4803,1.4552,1.20%
16-Jun-02,1.4973,1.4768,1.5019,1.4748,1.37%
23-Jun-02,1.5335,1.4962,1.5383,1.4947,2.42%
30-Jun-02,1.5223,1.5324,1.5368,1.515,-0.73%
7-Jul-02,1.5536,1.5225,1.5583,1.5225,2.06%
14-Jul-02,1.5769,1.5509,1.5858,1.5509,1.50%
21-Jul-02,1.5658,1.5781,1.5866,1.5561,-0.70%
28-Jul-02,1.5698,1.5656,1.575,1.547,0.26%
4-Aug-02,1.5245,1.569,1.5713,1.5212,-2.89%
11-Aug-02,1.539,1.5235,1.5473,1.523,0.95%
18-Aug-02,1.5206,1.539,1.545,1.5163,-1.20%
25-Aug-02,1.5499,1.5208,1.555,1.5182,1.93%
1-Sep-02,1.5601,1.5494,1.5734,1.5464,0.66%
8-Sep-02,1.5509,1.5586,1.5657,1.5472,-0.59%
15-Sep-02,1.5546,1.5507,1.5599,1.5281,0.24%
22-Sep-02,1.5608,1.5546,1.5673,1.5483,0.40%
29-Sep-02,1.5656,1.5615,1.5769,1.5604,0.31%
6-Oct-02,1.5617,1.5643,1.5695,1.5513,-0.25%
13-Oct-02,1.5459,1.5625,1.5636,1.5433,-1.01%
20-Oct-02,1.5507,1.545,1.5568,1.5408,0.31%
27-Oct-02,1.5638,1.5508,1.5678,1.5448,0.84%
3-Nov-02,1.5916,1.5645,1.5934,1.5526,1.78%
10-Nov-02,1.5802,1.5899,1.597,1.573,-0.72%
17-Nov-02,1.5802,1.5793,1.5915,1.5705,0.00%
24-Nov-02,1.5571,1.5786,1.5793,1.5414,-1.46%
1-Dec-02,1.5764,1.5568,1.58,1.545,1.24%
8-Dec-02,1.5894,1.5776,1.5912,1.5684,0.82%
15-Dec-02,1.6025,1.5888,1.6059,1.5866,0.82%
22-Dec-02,1.6039,1.6027,1.6064,1.5868,0.09%
29-Dec-02,1.6094,1.6034,1.6136,1.5907,0.34%
5-Jan-03,1.6079,1.6089,1.6166,1.5964,-0.09%
12-Jan-03,1.6139,1.6087,1.62,1.5955,0.37%
19-Jan-03,1.6328,1.612,1.6364,1.6014,1.17%
26-Jan-03,1.6478,1.6332,1.6573,1.6284,0.92%
2-Feb-03,1.6314,1.6483,1.6539,1.6235,-1.00%
9-Feb-03,1.6143,1.6319,1.6357,1.6099,-1.05%
16-Feb-03,1.5795,1.6107,1.612,1.5771,-2.16%
23-Feb-03,1.5737,1.5757,1.5893,1.5703,-0.37%
2-Mar-03,1.6028,1.5729,1.6096,1.5713,1.85%
9-Mar-03,1.5835,1.6022,1.6159,1.5791,-1.20%
16-Mar-03,1.563,1.5862,1.5907,1.5539,-1.29%
23-Mar-03,1.5733,1.5664,1.5798,1.5607,0.66%
30-Mar-03,1.561,1.5745,1.5837,1.5589,-0.78%
6-Apr-03,1.572,1.5553,1.5743,1.5461,0.70%
13-Apr-03,1.5705,1.5711,1.5846,1.5671,-0.10%
20-Apr-03,1.5913,1.5736,1.5981,1.5585,1.32%
27-Apr-03,1.6037,1.5933,1.6139,1.5861,0.78%
4-May-03,1.6052,1.6035,1.6189,1.5903,0.09%
11-May-03,1.6216,1.6079,1.6298,1.6042,1.02%
18-May-03,1.6357,1.6279,1.6471,1.6252,0.87%
25-May-03,1.6364,1.6336,1.6548,1.6319,0.04%
1-Jun-03,1.6623,1.6254,1.6712,1.6237,1.58%
8-Jun-03,1.6722,1.6587,1.6792,1.642,0.60%
15-Jun-03,1.6643,1.6745,1.6907,1.6585,-0.47%
22-Jun-03,1.6494,1.6603,1.6799,1.6456,-0.90%
29-Jun-03,1.6675,1.6492,1.6744,1.6454,1.10%
6-Jul-03,1.6309,1.6667,1.6684,1.6216,-2.19%
13-Jul-03,1.5913,1.6305,1.6305,1.5823,-2.43%
20-Jul-03,1.6199,1.5795,1.624,1.578,1.80%
27-Jul-03,1.6109,1.6201,1.6313,1.6002,-0.56%
3-Aug-03,1.603,1.6115,1.6192,1.601,-0.49%
10-Aug-03,1.597,1.6035,1.614,1.5924,-0.37%
17-Aug-03,1.5747,1.5976,1.5987,1.5701,-1.40%
24-Aug-03,1.5775,1.5745,1.5831,1.5619,0.18%
31-Aug-03,1.5886,1.5787,1.5911,1.5608,0.70%
7-Sep-03,1.6029,1.5829,1.6071,1.5783,0.90%
14-Sep-03,1.6361,1.6044,1.6378,1.5853,2.07%
21-Sep-03,1.6587,1.6471,1.6633,1.6414,1.38%
28-Sep-03,1.6639,1.6583,1.6763,1.645,0.31%
5-Oct-03,1.6648,1.6604,1.678,1.6561,0.05%
12-Oct-03,1.6786,1.664,1.6819,1.6532,0.83%
19-Oct-03,1.6953,1.6798,1.6997,1.6688,0.99%
26-Oct-03,1.6957,1.6947,1.7085,1.6875,0.02%
2-Nov-03,1.6744,1.6956,1.6981,1.6566,-1.26%
9-Nov-03,1.6877,1.6738,1.6917,1.6637,0.79%
16-Nov-03,1.7033,1.6881,1.7087,1.6859,0.92%
23-Nov-03,1.7224,1.7048,1.7243,1.6928,1.12%
30-Nov-03,1.7288,1.7208,1.7322,1.7167,0.37%
7-Dec-03,1.7467,1.7294,1.7512,1.7266,1.04%
14-Dec-03,1.7658,1.7365,1.7745,1.7356,1.09%
21-Dec-03,1.7714,1.7661,1.7764,1.7599,0.32%
28-Dec-03,1.7924,1.7717,1.7949,1.7701,1.19%
4-Jan-04,1.8491,1.7919,1.8496,1.7918,3.16%
11-Jan-04,1.7981,1.8468,1.858,1.7932,-2.76%
18-Jan-04,1.826,1.7963,1.8481,1.7822,1.55%
25-Jan-04,1.8236,1.8271,1.8385,1.8019,-0.13%
1-Feb-04,1.8469,1.8232,1.8521,1.8136,1.28%
8-Feb-04,1.8857,1.8429,1.8989,1.8421,2.10%
15-Feb-04,1.8602,1.8852,1.9145,1.8566,-1.35%
22-Feb-04,1.8679,1.8593,1.8948,1.8459,0.41%
29-Feb-04,1.8463,1.8685,1.8751,1.8156,-1.16%
7-Mar-04,1.8035,1.8485,1.8589,1.7904,-2.32%
14-Mar-04,1.8327,1.7975,1.8404,1.7944,1.62%
21-Mar-04,1.8157,1.833,1.8542,1.799,-0.93%
28-Mar-04,1.8317,1.8131,1.8607,1.8063,0.88%
4-Apr-04,1.8308,1.8289,1.847,1.8104,-0.05%
11-Apr-04,1.7969,1.8335,1.8426,1.7759,-1.85%
18-Apr-04,1.7708,1.7967,1.8146,1.7624,-1.45%
25-Apr-04,1.7791,1.7727,1.7978,1.7583,0.47%
2-May-04,1.7872,1.7792,1.8032,1.7687,0.46%
9-May-04,1.7584,1.7863,1.7881,1.7482,-1.61%
16-May-04,1.7887,1.7606,1.7957,1.757,1.72%
23-May-04,1.8325,1.7881,1.8426,1.7822,2.45%
30-May-04,1.839,1.835,1.8489,1.8276,0.35%
6-Jun-04,1.8174,1.8411,1.8479,1.8159,-1.17%
13-Jun-04,1.8378,1.8171,1.8406,1.8044,1.12%
20-Jun-04,1.8266,1.8388,1.8409,1.81,-0.61%
27-Jun-04,1.8308,1.8262,1.8357,1.8011,0.23%
4-Jul-04,1.8596,1.8316,1.8617,1.8268,1.57%
11-Jul-04,1.8725,1.8601,1.8756,1.8476,0.69%
18-Jul-04,1.8327,1.8744,1.8767,1.8302,-2.13%
25-Jul-04,1.8201,1.8337,1.8447,1.8083,-0.69%
1-Aug-04,1.8405,1.8213,1.8466,1.815,1.12%
8-Aug-04,1.8462,1.8439,1.8462,1.8133,0.31%
15-Aug-04,1.8198,1.8435,1.8469,1.8158,-1.43%
22-Aug-04,1.7913,1.8204,1.8204,1.7883,-1.57%
29-Aug-04,1.7757,1.7902,1.8068,1.7738,-0.87%
5-Sep-04,1.798,1.7755,1.8028,1.7708,1.26%
12-Sep-04,1.7927,1.7984,1.8039,1.7742,-0.29%
19-Sep-04,1.8047,1.7919,1.8087,1.7812,0.67%
26-Sep-04,1.7992,1.806,1.8164,1.7929,-0.30%
3-Oct-04,1.7946,1.7976,1.7978,1.7746,-0.26%
10-Oct-04,1.8043,1.7946,1.807,1.7839,0.54%
17-Oct-04,1.8264,1.8041,1.8319,1.7923,1.22%
24-Oct-04,1.8379,1.8298,1.8452,1.8194,0.63%
31-Oct-04,1.8558,1.839,1.8568,1.8296,0.97%
7-Nov-04,1.8567,1.8548,1.8619,1.8373,0.05%
14-Nov-04,1.8573,1.8552,1.8643,1.8437,0.03%
21-Nov-04,1.8944,1.8579,1.9042,1.8519,2.00%
28-Nov-04,1.9435,1.892,1.9442,1.8848,2.59%
5-Dec-04,1.9152,1.9422,1.9509,1.9013,-1.46%
12-Dec-04,1.942,1.9086,1.9552,1.908,1.40%
19-Dec-04,1.9242,1.9446,1.9508,1.9097,-0.92%
26-Dec-04,1.9186,1.9224,1.9419,1.912,-0.29%
2-Jan-05,1.8699,1.9201,1.9208,1.8648,-2.54%
9-Jan-05,1.8706,1.8712,1.8942,1.8634,0.04%
16-Jan-05,1.8786,1.8706,1.8828,1.8521,0.43%
23-Jan-05,1.8881,1.8783,1.8933,1.8623,0.51%
30-Jan-05,1.8756,1.8872,1.8925,1.8727,-0.66%
6-Feb-05,1.8673,1.8733,1.8753,1.8507,-0.44%
13-Feb-05,1.8946,1.8689,1.8978,1.8662,1.46%
20-Feb-05,1.9188,1.8931,1.9198,1.8908,1.28%
27-Feb-05,1.9238,1.919,1.9276,1.9049,0.26%
6-Mar-05,1.9249,1.9238,1.9327,1.9114,0.06%
13-Mar-05,1.9213,1.9267,1.9295,1.91,-0.19%
20-Mar-05,1.8699,1.9202,1.9208,1.8661,-2.68%
27-Mar-05,1.8812,1.8705,1.8978,1.8591,0.60%
3-Apr-05,1.8857,1.8794,1.8865,1.8674,0.24%
10-Apr-05,1.8933,1.8851,1.8979,1.8758,0.40%
17-Apr-05,1.9158,1.8931,1.9219,1.8885,1.19%
24-Apr-05,1.9084,1.9167,1.9182,1.8991,-0.39%
1-May-05,1.8903,1.9065,1.9078,1.8885,-0.95%
8-May-05,1.8489,1.8912,1.892,1.8487,-2.19%
15-May-05,1.8274,1.851,1.8512,1.8232,-1.16%
22-May-05,1.8251,1.8254,1.8368,1.8193,-0.13%
29-May-05,1.8152,1.8236,1.826,1.8077,-0.54%
5-Jun-05,1.811,1.8129,1.8406,1.8098,-0.23%
12-Jun-05,1.8312,1.8126,1.8326,1.8005,1.12%
19-Jun-05,1.824,1.8257,1.8337,1.8114,-0.39%
26-Jun-05,1.7685,1.8232,1.8317,1.7666,-3.04%
3-Jul-05,1.7386,1.7658,1.7658,1.7309,-1.69%
10-Jul-05,1.7515,1.737,1.779,1.7357,0.74%
17-Jul-05,1.7403,1.7504,1.7618,1.7273,-0.64%
24-Jul-05,1.7571,1.7388,1.7621,1.7335,0.97%
31-Jul-05,1.7788,1.7567,1.7833,1.7534,1.23%
7-Aug-05,1.8141,1.7763,1.8178,1.7726,1.98%
14-Aug-05,1.795,1.8163,1.8167,1.7887,-1.05%
21-Aug-05,1.7998,1.7962,1.81,1.7905,0.27%
28-Aug-05,1.8422,1.8018,1.8451,1.782,2.36%
4-Sep-05,1.8394,1.8395,1.8501,1.8319,-0.15%
11-Sep-05,1.8081,1.8411,1.843,1.8017,-1.70%
18-Sep-05,1.7757,1.8034,1.815,1.7746,-1.79%
25-Sep-05,1.7639,1.7722,1.7796,1.7565,-0.66%
2-Oct-05,1.7604,1.762,1.7815,1.7512,-0.20%
9-Oct-05,1.7686,1.7602,1.7708,1.7389,0.47%
16-Oct-05,1.7687,1.7687,1.7801,1.7422,0.01%
23-Oct-05,1.7731,1.7667,1.7911,1.7638,0.25%
30-Oct-05,1.7505,1.7742,1.7826,1.7454,-1.27%
6-Nov-05,1.7418,1.7487,1.7523,1.7325,-0.50%
13-Nov-05,1.7173,1.7429,1.7504,1.71,-1.41%
20-Nov-05,1.7144,1.7178,1.7288,1.7064,-0.17%
27-Nov-05,1.7336,1.713,1.738,1.7045,1.12%
4-Dec-05,1.7552,1.7323,1.757,1.7269,1.25%
11-Dec-05,1.7723,1.7508,1.7814,1.7492,0.97%
18-Dec-05,1.7346,1.7695,1.7736,1.7307,-2.13%
25-Dec-05,1.7214,1.7342,1.7412,1.7125,-0.76%
1-Jan-06,1.77,1.7214,1.7722,1.7185,2.82%
8-Jan-06,1.7756,1.769,1.7784,1.7517,0.32%
15-Jan-06,1.7708,1.7774,1.7799,1.7525,-0.27%
22-Jan-06,1.7677,1.7708,1.7936,1.7666,-0.18%
29-Jan-06,1.7624,1.7686,1.7859,1.759,-0.30%
5-Feb-06,1.7442,1.7625,1.7643,1.7374,-1.03%
12-Feb-06,1.7418,1.7443,1.7491,1.7279,-0.14%
19-Feb-06,1.745,1.7414,1.7559,1.7375,0.18%
26-Feb-06,1.7546,1.7441,1.7595,1.7374,0.55%
5-Mar-06,1.7268,1.7564,1.7627,1.7231,-1.58%
12-Mar-06,1.7566,1.726,1.7596,1.7232,1.73%
19-Mar-06,1.7427,1.7563,1.759,1.7311,-0.79%
26-Mar-06,1.7382,1.7429,1.7539,1.7315,-0.26%
2-Apr-06,1.7435,1.7369,1.7618,1.725,0.30%
9-Apr-06,1.7512,1.7428,1.7576,1.7377,0.44%
16-Apr-06,1.7818,1.7534,1.7938,1.7531,1.75%
23-Apr-06,1.8256,1.7873,1.8272,1.7792,2.46%
30-Apr-06,1.8593,1.8237,1.8625,1.8205,1.85%
7-May-06,1.8935,1.8626,1.9,1.8514,1.84%
14-May-06,1.878,1.8966,1.9028,1.87,-0.82%
21-May-06,1.8593,1.8772,1.8888,1.8529,-1.00%
28-May-06,1.882,1.8579,1.8869,1.8563,1.22%
4-Jun-06,1.8413,1.884,1.8881,1.8367,-2.16%
11-Jun-06,1.8506,1.8392,1.8563,1.8316,0.51%
18-Jun-06,1.8184,1.852,1.8535,1.8129,-1.74%
25-Jun-06,1.8478,1.8188,1.8501,1.8091,1.62%
2-Jul-06,1.8504,1.8474,1.8542,1.8327,0.14%
9-Jul-06,1.8388,1.8503,1.8524,1.831,-0.63%
16-Jul-06,1.8592,1.8371,1.8599,1.8175,1.11%
23-Jul-06,1.8645,1.8592,1.8678,1.8386,0.29%
30-Jul-06,1.9078,1.8628,1.9131,1.8617,2.32%
6-Aug-06,1.8902,1.9073,1.9147,1.8868,-0.92%
13-Aug-06,1.883,1.8901,1.9026,1.8777,-0.38%
20-Aug-06,1.8866,1.8812,1.9,1.8812,0.19%
27-Aug-06,1.9072,1.8876,1.9095,1.8861,1.09%
3-Sep-06,1.8657,1.9061,1.9082,1.8627,-2.18%
10-Sep-06,1.88,1.8654,1.892,1.8601,0.77%
17-Sep-06,1.8998,1.8779,1.9066,1.8735,1.05%
24-Sep-06,1.8723,1.9005,1.9076,1.8632,-1.45%
1-Oct-06,1.8701,1.8749,1.8906,1.8675,-0.12%
8-Oct-06,1.856,1.8694,1.8716,1.8518,-0.75%
15-Oct-06,1.884,1.8556,1.8861,1.8524,1.51%
22-Oct-06,1.899,1.8832,1.9005,1.8674,0.80%
29-Oct-06,1.9011,1.896,1.9139,1.8954,0.11%
5-Nov-06,1.9114,1.9026,1.9183,1.895,0.54%
12-Nov-06,1.8956,1.9103,1.9154,1.8836,-0.83%
19-Nov-06,1.9318,1.8952,1.9352,1.8933,1.91%
26-Nov-06,1.9796,1.9466,1.9849,1.9306,2.47%
3-Dec-06,1.9537,1.9764,1.9842,1.9512,-1.31%
10-Dec-06,1.9522,1.9518,1.9732,1.9467,-0.08%
17-Dec-06,1.9598,1.9528,1.975,1.9434,0.39%
24-Dec-06,1.959,1.9598,1.9682,1.9516,-0.04%
31-Dec-06,1.9301,1.9592,1.9754,1.9264,-1.48%
7-Jan-07,1.9588,1.9305,1.961,1.9261,1.49%
14-Jan-07,1.9739,1.9598,1.9781,1.9571,0.77%
21-Jan-07,1.96,1.9743,1.992,1.9558,-0.70%
28-Jan-07,1.9669,1.9601,1.9751,1.9482,0.35%
4-Feb-07,1.9503,1.9671,1.9736,1.9457,-0.84%
11-Feb-07,1.9505,1.9481,1.968,1.9402,0.01%
18-Feb-07,1.9634,1.9546,1.9655,1.9432,0.66%
25-Feb-07,1.9434,1.964,1.9676,1.9413,-1.02%
4-Mar-07,1.9316,1.9436,1.9455,1.9183,-0.61%
11-Mar-07,1.9413,1.9329,1.9506,1.9213,0.50%
18-Mar-07,1.9621,1.9409,1.9729,1.9383,1.07%
25-Mar-07,1.968,1.9606,1.9724,1.9545,0.30%
1-Apr-07,1.9653,1.9695,1.9825,1.9636,-0.14%
8-Apr-07,1.9868,1.9655,1.9889,1.9592,1.09%
15-Apr-07,2.0025,1.9862,2.0135,1.9862,0.79%
22-Apr-07,1.9981,2.0057,2.0065,1.9865,-0.22%
29-Apr-07,1.992,1.9962,2.0076,1.9844,-0.31%
6-May-07,1.9808,1.9939,2.0001,1.976,-0.56%
13-May-07,1.9745,1.9823,1.9876,1.9699,-0.32%
20-May-07,1.9836,1.9754,1.9897,1.9678,0.46%
27-May-07,1.9821,1.9838,1.9901,1.9733,-0.08%
3-Jun-07,1.9701,1.9823,1.997,1.9623,-0.61%
10-Jun-07,1.976,1.9693,1.9785,1.9651,0.30%
17-Jun-07,1.9992,1.976,1.9998,1.9758,1.17%
24-Jun-07,2.0093,1.9988,2.0099,1.9929,0.51%
1-Jul-07,2.0106,2.0086,2.021,2.0058,0.06%
8-Jul-07,2.0343,2.0114,2.0368,2.0097,1.18%
15-Jul-07,2.056,2.0336,2.0588,2.0324,1.07%
22-Jul-07,2.0244,2.0549,2.0658,2.0232,-1.54%
29-Jul-07,2.0396,2.0206,2.0462,2.0182,0.75%
5-Aug-07,2.0238,2.0412,2.0464,2.0154,-0.77%
12-Aug-07,1.9806,2.0218,2.0259,1.9653,-2.13%
19-Aug-07,2.0149,1.9811,2.0166,1.9741,1.73%
26-Aug-07,2.0166,2.0135,2.0234,1.9962,0.08%
2-Sep-07,2.0298,2.0171,2.0324,2.004,0.65%
9-Sep-07,2.0088,2.0282,2.0367,2.0053,-1.03%
16-Sep-07,2.0196,2.0055,2.0215,1.9879,0.54%
23-Sep-07,2.0471,2.0207,2.0491,2.0083,1.36%
30-Sep-07,2.0426,2.0472,2.0495,2.0276,-0.22%
7-Oct-07,2.0373,2.0419,2.0477,2.0244,-0.26%
14-Oct-07,2.0522,2.0354,2.0527,2.0287,0.73%
21-Oct-07,2.053,2.0537,2.0575,2.0259,0.04%
28-Oct-07,2.0899,2.0541,2.0909,2.053,1.80%
4-Nov-07,2.0904,2.0886,2.1163,2.0781,0.02%
11-Nov-07,2.053,2.0856,2.0872,2.0354,-1.79%
18-Nov-07,2.0605,2.0544,2.0766,2.0452,0.37%
25-Nov-07,2.0572,2.0602,2.0834,2.0534,-0.16%
2-Dec-07,2.0316,2.055,2.0681,2.0181,-1.24%
9-Dec-07,2.0156,2.0308,2.0577,2.0146,-0.79%
16-Dec-07,1.9838,2.0147,2.0229,1.981,-1.58%
23-Dec-07,1.9931,1.9833,2.0025,1.9699,0.47%
30-Dec-07,1.9714,1.9952,2.0103,1.9674,-1.09%
6-Jan-08,1.9568,1.9737,1.9832,1.9485,-0.74%
13-Jan-08,1.9541,1.9579,1.9793,1.9513,-0.14%
20-Jan-08,1.9822,1.9579,1.9851,1.9337,1.44%
27-Jan-08,1.9653,1.9842,1.996,1.9651,-0.85%
3-Feb-08,1.9458,1.9655,1.9788,1.9388,-0.99%
10-Feb-08,1.961,1.9454,1.974,1.9402,0.78%
17-Feb-08,1.967,1.9566,1.971,1.9354,0.31%
24-Feb-08,1.9871,1.9696,1.9973,1.9615,1.02%
2-Mar-08,2.0147,1.9887,2.0218,1.9722,1.39%
9-Mar-08,2.0187,2.0168,2.04,1.9996,0.20%
16-Mar-08,1.9825,2.0172,2.0275,1.9735,-1.79%
23-Mar-08,1.9948,1.9815,2.0194,1.976,0.62%
30-Mar-08,1.9929,1.9966,2.005,1.9728,-0.10%
6-Apr-08,1.9707,1.9943,1.9943,1.9652,-1.11%
13-Apr-08,1.9975,1.9659,2,1.96,1.36%
20-Apr-08,1.9853,1.9979,2.0029,1.9678,-0.61%
27-Apr-08,1.9712,1.9844,1.9966,1.9623,-0.71%
4-May-08,1.9535,1.9733,1.9787,1.9459,-0.90%
11-May-08,1.9566,1.9506,1.9635,1.9365,0.16%
18-May-08,1.9798,1.9571,1.9853,1.9453,1.19%
25-May-08,1.9823,1.9811,1.9848,1.9674,0.13%
1-Jun-08,1.9701,1.9771,1.9773,1.9461,-0.62%
8-Jun-08,1.9466,1.9704,1.9802,1.9409,-1.19%
15-Jun-08,1.976,1.948,1.9792,1.9459,1.51%
22-Jun-08,1.9948,1.9752,1.9954,1.9586,0.95%
29-Jun-08,1.9829,1.9944,2.0008,1.9796,-0.60%
6-Jul-08,1.9903,1.9827,1.9962,1.9649,0.37%
13-Jul-08,1.9983,1.9914,2.0155,1.9813,0.40%
20-Jul-08,1.9908,1.9961,2.0077,1.9817,-0.38%
27-Jul-08,1.9754,1.9907,1.997,1.9728,-0.77%
3-Aug-08,1.9204,1.9753,1.9763,1.9143,-2.78%
10-Aug-08,1.8668,1.9129,1.9259,1.8512,-2.79%
17-Aug-08,1.8523,1.8641,1.8796,1.8506,-0.78%
24-Aug-08,1.8214,1.8512,1.8593,1.8174,-1.67%
31-Aug-08,1.766,1.8129,1.8131,1.7538,-3.04%
7-Sep-08,1.7948,1.787,1.7978,1.7447,1.63%
14-Sep-08,1.8317,1.7994,1.8389,1.7732,2.06%
21-Sep-08,1.8447,1.8333,1.8674,1.8264,0.71%
28-Sep-08,1.7717,1.8281,1.8342,1.7551,-3.96%
5-Oct-08,1.7043,1.7683,1.7697,1.6805,-3.80%
12-Oct-08,1.7288,1.7115,1.7632,1.6935,1.44%
19-Oct-08,1.5926,1.7313,1.7519,1.5267,-7.88%
26-Oct-08,1.6071,1.5756,1.6673,1.5278,0.91%
2-Nov-08,1.5677,1.6084,1.6403,1.5536,-2.45%
9-Nov-08,1.4756,1.582,1.5888,1.456,-5.87%
16-Nov-08,1.4893,1.4655,1.5251,1.4647,0.93%
23-Nov-08,1.5395,1.4922,1.5535,1.4842,3.37%
30-Nov-08,1.4764,1.5364,1.5396,1.4468,-4.10%
7-Dec-08,1.4958,1.4726,1.5118,1.4676,1.31%
14-Dec-08,1.4928,1.4954,1.5726,1.4812,-0.20%
21-Dec-08,1.4648,1.4948,1.4993,1.4648,-1.88%
28-Dec-08,1.4526,1.4663,1.4796,1.4356,-0.83%
4-Jan-09,1.5171,1.4527,1.5374,1.443,4.44%
11-Jan-09,1.4746,1.5138,1.5149,1.4471,-2.80%
18-Jan-09,1.3813,1.483,1.4911,1.35,-6.33%
25-Jan-09,1.4506,1.3723,1.453,1.355,5.02%
1-Feb-09,1.4804,1.4478,1.4844,1.4052,2.05%
8-Feb-09,1.4387,1.4778,1.4987,1.4139,-2.82%
15-Feb-09,1.4441,1.4208,1.4478,1.4093,0.38%
22-Feb-09,1.431,1.4394,1.4661,1.411,-0.91%
1-Mar-09,1.4078,1.4289,1.4305,1.3958,-1.62%
8-Mar-09,1.4005,1.4133,1.4183,1.3655,-0.52%
15-Mar-09,1.4468,1.3957,1.4598,1.3846,3.31%
22-Mar-09,1.4325,1.4482,1.4781,1.4269,-0.99%
29-Mar-09,1.4832,1.4247,1.4848,1.411,3.54%
5-Apr-09,1.4672,1.4847,1.496,1.4581,-1.08%
12-Apr-09,1.4794,1.4638,1.5067,1.4604,0.83%
19-Apr-09,1.4678,1.4787,1.4813,1.4398,-0.78%
26-Apr-09,1.492,1.4663,1.495,1.4516,1.65%
3-May-09,1.5246,1.4928,1.5259,1.4836,2.18%
10-May-09,1.5164,1.5227,1.5354,1.5059,-0.54%
17-May-09,1.5936,1.5177,1.5945,1.5118,5.09%
24-May-09,1.6185,1.593,1.6201,1.5778,1.56%
31-May-09,1.5979,1.6178,1.6663,1.5942,-1.27%
7-Jun-09,1.6444,1.5953,1.6623,1.5802,2.91%
14-Jun-09,1.6507,1.6425,1.6568,1.6189,0.38%
21-Jun-09,1.6522,1.6511,1.6603,1.6209,0.09%
28-Jun-09,1.634,1.6502,1.6747,1.6301,-1.10%
5-Jul-09,1.62,1.6288,1.6382,1.5985,-0.86%
12-Jul-09,1.633,1.6193,1.6479,1.6033,0.80%
19-Jul-09,1.6431,1.6343,1.6587,1.6311,0.62%
26-Jul-09,1.6721,1.6448,1.6736,1.634,1.76%
2-Aug-09,1.6683,1.6715,1.7045,1.6653,-0.23%
9-Aug-09,1.6541,1.6672,1.6722,1.6391,-0.85%
16-Aug-09,1.6507,1.6507,1.6624,1.6275,-0.21%
23-Aug-09,1.6269,1.6504,1.6549,1.6153,-1.44%
30-Aug-09,1.6393,1.6267,1.6416,1.6113,0.76%
6-Sep-09,1.6663,1.6392,1.6744,1.6322,1.65%
13-Sep-09,1.6271,1.6682,1.6686,1.6229,-2.35%
20-Sep-09,1.5955,1.6218,1.6467,1.5917,-1.94%
27-Sep-09,1.5941,1.597,1.6128,1.577,-0.09%
4-Oct-09,1.5837,1.5938,1.6123,1.5827,-0.65%
11-Oct-09,1.6357,1.5861,1.6402,1.5707,3.28%
18-Oct-09,1.6307,1.6315,1.6696,1.6241,-0.31%
25-Oct-09,1.6448,1.6296,1.6606,1.6252,0.86%
1-Nov-09,1.6621,1.6417,1.6639,1.6263,1.05%
8-Nov-09,1.669,1.6661,1.6844,1.6515,0.42%
15-Nov-09,1.6509,1.6714,1.6878,1.6459,-1.08%
22-Nov-09,1.6467,1.6502,1.6747,1.6273,-0.25%
29-Nov-09,1.645,1.6515,1.6724,1.6381,-0.10%
6-Dec-09,1.625,1.6427,1.6517,1.6166,-1.22%
13-Dec-09,1.6144,1.6255,1.6414,1.6053,-0.65%
20-Dec-09,1.5964,1.6122,1.6166,1.5922,-1.11%
27-Dec-09,1.617,1.5955,1.6237,1.5833,1.29%
3-Jan-10,1.6028,1.6126,1.6241,1.5893,-0.88%
10-Jan-10,1.6263,1.6071,1.6355,1.6046,1.47%
17-Jan-10,1.611,1.6256,1.646,1.6078,-0.94%
24-Jan-10,1.6004,1.6111,1.6277,1.5981,-0.66%
31-Jan-10,1.5635,1.5948,1.6072,1.556,-2.31%
7-Feb-10,1.5689,1.5591,1.5766,1.5534,0.35%
14-Feb-10,1.5474,1.5679,1.5817,1.5347,-1.37%
21-Feb-10,1.525,1.5477,1.5578,1.5151,-1.45%
28-Feb-10,1.5137,1.516,1.5206,1.4783,-0.74%
7-Mar-10,1.5185,1.5135,1.5219,1.4872,0.32%
14-Mar-10,1.5012,1.5176,1.5383,1.4978,-1.14%
21-Mar-10,1.4903,1.4991,1.5114,1.48,-0.73%
28-Mar-10,1.5209,1.4947,1.5304,1.4891,2.05%
4-Apr-10,1.5375,1.5267,1.5393,1.5128,1.09%
11-Apr-10,1.536,1.5452,1.5526,1.5337,-0.10%
18-Apr-10,1.5379,1.529,1.5475,1.5191,0.12%
25-Apr-10,1.5271,1.5388,1.5501,1.5127,-0.70%
2-May-10,1.4802,1.5316,1.5322,1.4478,-3.07%
9-May-10,1.4539,1.4851,1.5055,1.4497,-1.78%
16-May-10,1.4468,1.4526,1.4548,1.4232,-0.49%
23-May-10,1.4466,1.4465,1.4613,1.426,-0.01%
30-May-10,1.4463,1.4432,1.4771,1.4428,-0.02%
6-Jun-10,1.4545,1.4427,1.4761,1.4346,0.57%
13-Jun-10,1.4829,1.4564,1.4889,1.4552,1.95%
20-Jun-10,1.5065,1.4855,1.508,1.4688,1.59%
27-Jun-10,1.5202,1.5055,1.5231,1.4874,0.91%
4-Jul-10,1.5065,1.52,1.5244,1.5051,-0.90%
11-Jul-10,1.5291,1.5056,1.5474,1.4949,1.50%
18-Jul-10,1.5436,1.5288,1.5452,1.5126,0.95%
25-Jul-10,1.5684,1.5419,1.5724,1.541,1.61%
1-Aug-10,1.5947,1.5726,1.6004,1.5696,1.68%
8-Aug-10,1.5598,1.5989,1.5999,1.5562,-2.19%
15-Aug-10,1.5534,1.5582,1.571,1.5463,-0.41%
22-Aug-10,1.5522,1.5545,1.5623,1.5372,-0.08%
29-Aug-10,1.5448,1.5536,1.5583,1.5328,-0.48%
5-Sep-10,1.5351,1.5442,1.5535,1.5297,-0.63%
12-Sep-10,1.5629,1.5356,1.573,1.5347,1.81%
19-Sep-10,1.5821,1.5661,1.5846,1.5503,1.23%
26-Sep-10,1.5817,1.5825,1.5925,1.567,-0.03%
3-Oct-10,1.5966,1.5806,1.6019,1.5751,0.94%
10-Oct-10,1.5993,1.5962,1.6107,1.5758,0.17%
17-Oct-10,1.5686,1.5987,1.6006,1.5654,-1.92%
24-Oct-10,1.604,1.567,1.6048,1.5667,2.26%
31-Oct-10,1.6179,1.6046,1.6301,1.5963,0.87%
7-Nov-10,1.6136,1.6197,1.6214,1.5953,-0.27%
14-Nov-10,1.5986,1.6151,1.6155,1.584,-0.93%
21-Nov-10,1.5594,1.5981,1.6087,1.5578,-2.45%
28-Nov-10,1.5779,1.5593,1.5787,1.5484,1.19%
5-Dec-10,1.5817,1.5767,1.5863,1.5655,0.24%
12-Dec-10,1.5535,1.5807,1.5912,1.5454,-1.78%
19-Dec-10,1.5444,1.5505,1.5579,1.5356,-0.59%
26-Dec-10,1.5602,1.5444,1.5667,1.5347,1.02%
2-Jan-11,1.5558,1.557,1.5648,1.541,-0.28%
9-Jan-11,1.5863,1.5524,1.589,1.5476,1.96%
16-Jan-11,1.6002,1.5867,1.6061,1.5835,0.88%
23-Jan-11,1.5863,1.5997,1.6019,1.5753,-0.87%
30-Jan-11,1.6101,1.5859,1.6279,1.5823,1.50%
6-Feb-11,1.6006,1.6098,1.6187,1.5964,-0.59%
13-Feb-11,1.6244,1.5987,1.6263,1.5981,1.49%
20-Feb-11,1.6119,1.6261,1.6273,1.6032,-0.77%
27-Feb-11,1.6275,1.6113,1.6345,1.6072,0.97%
6-Mar-11,1.6081,1.6273,1.6344,1.5977,-1.19%
13-Mar-11,1.6238,1.6085,1.6257,1.5983,0.98%
20-Mar-11,1.6038,1.6225,1.6403,1.6008,-1.23%
27-Mar-11,1.6113,1.6008,1.6153,1.5936,0.47%
3-Apr-11,1.6385,1.6109,1.6429,1.6092,1.69%
10-Apr-11,1.6322,1.638,1.6429,1.6228,-0.38%
17-Apr-11,1.651,1.6316,1.6601,1.6167,1.15%
24-Apr-11,1.6704,1.6523,1.6748,1.6432,1.18%
1-May-11,1.637,1.6711,1.674,1.6355,-2.00%
8-May-11,1.6198,1.6378,1.6519,1.6148,-1.05%
15-May-11,1.6229,1.6178,1.6305,1.6107,0.19%
22-May-11,1.6509,1.6225,1.6515,1.6061,1.73%
29-May-11,1.6429,1.6482,1.6549,1.6286,-0.48%
5-Jun-11,1.6235,1.6427,1.6473,1.622,-1.18%
12-Jun-11,1.6197,1.6237,1.6443,1.6079,-0.23%
19-Jun-11,1.596,1.6166,1.6263,1.5939,-1.46%
26-Jun-11,1.6077,1.5964,1.6119,1.5913,0.73%
3-Jul-11,1.6059,1.6065,1.6143,1.5933,-0.11%
10-Jul-11,1.6136,1.6033,1.6193,1.5783,0.48%
17-Jul-11,1.6303,1.6117,1.6341,1.6006,1.03%
24-Jul-11,1.6421,1.6332,1.6473,1.6261,0.72%
31-Jul-11,1.6392,1.6395,1.6477,1.6224,-0.18%
7-Aug-11,1.6278,1.6469,1.6473,1.6111,-0.70%
14-Aug-11,1.6462,1.6288,1.6621,1.6258,1.13%
21-Aug-11,1.6372,1.6477,1.6572,1.6208,-0.55%
28-Aug-11,1.6218,1.6327,1.6457,1.6132,-0.94%
4-Sep-11,1.5882,1.6157,1.6189,1.5844,-2.07%
11-Sep-11,1.5789,1.5833,1.5888,1.5707,-0.59%
18-Sep-11,1.5467,1.5728,1.5755,1.5326,-2.04%
25-Sep-11,1.5585,1.5471,1.5717,1.5433,0.76%
2-Oct-11,1.556,1.5574,1.5646,1.5272,-0.16%
9-Oct-11,1.5821,1.556,1.5854,1.5528,1.68%
16-Oct-11,1.5953,1.5821,1.5976,1.5631,0.83%
23-Oct-11,1.6121,1.5946,1.6153,1.5891,1.05%
30-Oct-11,1.6031,1.6126,1.6168,1.5877,-0.56%
6-Nov-11,1.607,1.6071,1.6131,1.5868,0.24%
13-Nov-11,1.5791,1.6084,1.6092,1.569,-1.74%
20-Nov-11,1.5448,1.5791,1.5797,1.5423,-2.17%
27-Nov-11,1.5594,1.5479,1.578,1.5457,0.95%
4-Dec-11,1.566,1.5632,1.5771,1.556,0.42%
11-Dec-11,1.552,1.5653,1.5658,1.5408,-0.89%
18-Dec-11,1.5591,1.5545,1.5776,1.5465,0.46%
25-Dec-11,1.5537,1.5598,1.5692,1.5362,-0.35%
1-Jan-12,1.5434,1.5501,1.567,1.5375,-0.66%
8-Jan-12,1.5319,1.5419,1.5502,1.5235,-0.75%
15-Jan-12,1.5571,1.5281,1.5572,1.5277,1.65%
22-Jan-12,1.5734,1.5551,1.5741,1.5516,1.05%
29-Jan-12,1.5813,1.5719,1.5883,1.5653,0.50%
5-Feb-12,1.5739,1.5816,1.593,1.573,-0.47%
12-Feb-12,1.5837,1.5776,1.5863,1.5643,0.62%
19-Feb-12,1.5888,1.5848,1.5901,1.5648,0.32%
26-Feb-12,1.5837,1.5884,1.5991,1.5799,-0.32%
4-Mar-12,1.5676,1.5837,1.5883,1.5661,-1.02%
11-Mar-12,1.5845,1.5676,1.5862,1.5603,1.08%
18-Mar-12,1.5868,1.5844,1.5925,1.5772,0.15%
25-Mar-12,1.6013,1.5878,1.6039,1.5801,0.91%
1-Apr-12,1.5886,1.6017,1.6063,1.5803,-0.79%
8-Apr-12,1.5848,1.5891,1.5986,1.5809,-0.24%
15-Apr-12,1.6126,1.5854,1.6151,1.5818,1.75%
22-Apr-12,1.6267,1.6132,1.6281,1.6075,0.87%
29-Apr-12,1.6155,1.6273,1.6303,1.6141,-0.69%
6-May-12,1.6073,1.6155,1.62,1.6063,-0.51%
13-May-12,1.5817,1.6059,1.6125,1.5732,-1.59%
20-May-12,1.5661,1.5814,1.585,1.563,-0.99%
27-May-12,1.5363,1.5676,1.5719,1.5267,-1.90%
3-Jun-12,1.5474,1.5371,1.5602,1.5322,0.72%
10-Jun-12,1.5717,1.5538,1.5729,1.5455,1.57%
17-Jun-12,1.559,1.5729,1.5779,1.5556,-0.81%
24-Jun-12,1.5709,1.5589,1.5718,1.5486,0.76%
1-Jul-12,1.549,1.5699,1.5723,1.5461,-1.39%
8-Jul-12,1.5575,1.5482,1.5584,1.5393,0.55%
15-Jul-12,1.5621,1.5568,1.5737,1.5518,0.30%
22-Jul-12,1.5749,1.5608,1.577,1.5459,0.82%
29-Jul-12,1.5643,1.574,1.5754,1.549,-0.67%
5-Aug-12,1.569,1.5646,1.5701,1.5545,0.30%
12-Aug-12,1.5701,1.5673,1.5747,1.5636,0.07%
19-Aug-12,1.5812,1.5696,1.5913,1.5677,0.71%
26-Aug-12,1.5867,1.5814,1.5897,1.5753,0.35%
2-Sep-12,1.6006,1.5867,1.6035,1.5825,0.88%
9-Sep-12,1.6217,1.6007,1.626,1.596,1.32%
16-Sep-12,1.6229,1.6216,1.6311,1.6162,0.07%
23-Sep-12,1.6166,1.6233,1.6275,1.6115,-0.39%
30-Sep-12,1.6137,1.6163,1.622,1.6067,-0.18%
7-Oct-12,1.6072,1.6135,1.6144,1.5975,-0.40%
14-Oct-12,1.6005,1.6072,1.618,1.5997,-0.42%
21-Oct-12,1.6105,1.6007,1.6146,1.5912,0.62%
28-Oct-12,1.6025,1.6117,1.6177,1.6006,-0.50%
4-Nov-12,1.5897,1.6024,1.6046,1.5891,-0.80%
11-Nov-12,1.5886,1.5898,1.5918,1.5829,-0.07%
18-Nov-12,1.6033,1.5884,1.6054,1.5884,0.93%
25-Nov-12,1.6012,1.6033,1.6065,1.5962,-0.13%
2-Dec-12,1.6038,1.6013,1.6133,1.6003,0.16%
9-Dec-12,1.6168,1.6033,1.6179,1.6014,0.81%
16-Dec-12,1.6172,1.6187,1.6309,1.6153,0.02%
23-Dec-12,1.617,1.6172,1.6208,1.6067,-0.01%
30-Dec-12,1.6071,1.617,1.638,1.6008,-0.61%
6-Jan-13,1.6132,1.6075,1.6179,1.5993,0.38%
13-Jan-13,1.5868,1.6129,1.6156,1.5854,-1.64%
20-Jan-13,1.5803,1.5873,1.5895,1.5748,-0.41%
27-Jan-13,1.5692,1.5802,1.588,1.5675,-0.70%
3-Feb-13,1.5798,1.5695,1.5847,1.5631,0.68%
10-Feb-13,1.5518,1.5793,1.5812,1.5463,-1.77%
17-Feb-13,1.5163,1.5519,1.552,1.5136,-2.29%
24-Feb-13,1.5038,1.5135,1.5221,1.4987,-0.82%
3-Mar-13,1.4917,1.5032,1.5201,1.4888,-0.80%
10-Mar-13,1.5116,1.4918,1.5179,1.4832,1.33%
17-Mar-13,1.5231,1.5113,1.5249,1.5027,0.76%
24-Mar-13,1.5203,1.5232,1.5269,1.5093,-0.18%
31-Mar-13,1.5335,1.5207,1.5364,1.5034,0.87%
7-Apr-13,1.5342,1.5306,1.5413,1.5238,0.05%
14-Apr-13,1.5232,1.5347,1.5386,1.5216,-0.72%
21-Apr-13,1.5479,1.5233,1.5498,1.5197,1.62%
28-Apr-13,1.5573,1.5485,1.5606,1.547,0.61%
5-May-13,1.5365,1.5572,1.5599,1.5313,-1.34%
12-May-13,1.5171,1.5341,1.5386,1.5157,-1.26%
19-May-13,1.5127,1.5173,1.5281,1.5013,-0.29%
26-May-13,1.5199,1.5126,1.524,1.5008,0.48%
2-Jun-13,1.5558,1.5192,1.5684,1.5189,2.36%
9-Jun-13,1.5705,1.5525,1.5736,1.5495,0.94%
16-Jun-13,1.5418,1.5713,1.5754,1.5369,-1.83%
23-Jun-13,1.5212,1.5401,1.5478,1.5165,-1.34%
30-Jun-13,1.4889,1.5201,1.5304,1.4858,-2.12%
7-Jul-13,1.5108,1.4903,1.5225,1.4814,1.47%
14-Jul-13,1.5268,1.5107,1.5282,1.5028,1.06%
21-Jul-13,1.5381,1.5267,1.5435,1.5258,0.74%
28-Jul-13,1.5289,1.5379,1.5415,1.5103,-0.60%
4-Aug-13,1.55,1.5288,1.5575,1.5207,1.38%
11-Aug-13,1.563,1.5503,1.5658,1.5424,0.84%
18-Aug-13,1.5568,1.5618,1.5717,1.5538,-0.40%
25-Aug-13,1.551,1.5575,1.5613,1.5428,-0.37%
1-Sep-13,1.5631,1.5512,1.5682,1.5506,0.78%
8-Sep-13,1.5875,1.5636,1.5886,1.5606,1.56%
15-Sep-13,1.6006,1.5873,1.6164,1.5873,0.83%
22-Sep-13,1.6139,1.6026,1.6148,1.5955,0.83%
29-Sep-13,1.601,1.6118,1.6261,1.6005,-0.80%
6-Oct-13,1.5956,1.6018,1.6125,1.5914,-0.34%
13-Oct-13,1.6167,1.5953,1.6226,1.5895,1.32%
20-Oct-13,1.6166,1.6167,1.6258,1.6116,-0.01%
27-Oct-13,1.5926,1.6165,1.6209,1.591,-1.48%
3-Nov-13,1.6018,1.5925,1.6119,1.5904,0.58%
10-Nov-13,1.6121,1.6007,1.6136,1.5855,0.64%
17-Nov-13,1.6226,1.6123,1.6229,1.606,0.65%
24-Nov-13,1.6367,1.6228,1.6386,1.6134,0.87%
1-Dec-13,1.6349,1.6363,1.6444,1.6299,-0.11%
8-Dec-13,1.6299,1.6349,1.6467,1.6262,-0.31%
15-Dec-13,1.6336,1.63,1.6485,1.6221,0.23%
22-Dec-13,1.6481,1.6332,1.658,1.6322,0.89%
29-Dec-13,1.6417,1.6469,1.6606,1.6397,-0.39%
5-Jan-14,1.6482,1.6412,1.6521,1.634,0.40%
12-Jan-14,1.6424,1.6482,1.6511,1.6312,-0.35%
19-Jan-14,1.6483,1.6421,1.6669,1.6397,0.36%
26-Jan-14,1.6436,1.6484,1.6627,1.6428,-0.29%
2-Feb-14,1.6412,1.6446,1.6447,1.6253,-0.15%
9-Feb-14,1.6746,1.6412,1.6758,1.6382,2.04%
16-Feb-14,1.6617,1.6745,1.6825,1.6612,-0.77%
23-Feb-14,1.6745,1.6622,1.677,1.6583,0.77%
2-Mar-14,1.6712,1.6746,1.6786,1.664,-0.20%
9-Mar-14,1.6646,1.672,1.6749,1.6569,-0.39%
16-Mar-14,1.6486,1.6643,1.6667,1.6475,-0.96%
23-Mar-14,1.6638,1.649,1.6653,1.6461,0.92%
30-Mar-14,1.658,1.6649,1.6685,1.6554,-0.35%
6-Apr-14,1.6733,1.6574,1.6822,1.6563,0.92%
13-Apr-14,1.6807,1.671,1.6844,1.6683,0.44%
20-Apr-14,1.6805,1.6787,1.6841,1.6762,-0.01%
27-Apr-14,1.6866,1.6791,1.692,1.6777,0.36%
4-May-14,1.6851,1.6869,1.6998,1.6832,-0.09%
11-May-14,1.6816,1.684,1.6905,1.6731,-0.21%
18-May-14,1.6832,1.6811,1.6923,1.6803,0.10%
25-May-14,1.6752,1.6835,1.6883,1.6693,-0.48%
1-Jun-14,1.6803,1.6762,1.6846,1.6699,0.30%
8-Jun-14,1.6965,1.6796,1.6993,1.6739,0.96%
15-Jun-14,1.7012,1.6971,1.7065,1.6926,0.28%
22-Jun-14,1.7035,1.7014,1.7053,1.6951,0.14%
29-Jun-14,1.716,1.702,1.7181,1.7007,0.73%
6-Jul-14,1.7125,1.7163,1.7171,1.7085,-0.20%
13-Jul-14,1.7088,1.7118,1.7193,1.7036,-0.22%
20-Jul-14,1.6974,1.7093,1.7102,1.6962,-0.67%
27-Jul-14,1.6821,1.6971,1.7001,1.6814,-0.90%
3-Aug-14,1.6773,1.6821,1.6889,1.6765,-0.29%
10-Aug-14,1.6697,1.6784,1.6845,1.6657,-0.45%
17-Aug-14,1.6571,1.6723,1.6741,1.6561,-0.75%
24-Aug-14,1.6599,1.657,1.6615,1.6526,0.17%
31-Aug-14,1.6327,1.6595,1.6646,1.6284,-1.64%
7-Sep-14,1.6268,1.6202,1.628,1.6053,-0.36%
14-Sep-14,1.6288,1.6272,1.6526,1.6162,0.12%
21-Sep-14,1.6247,1.6289,1.6417,1.6237,-0.25%
28-Sep-14,1.5964,1.6246,1.6289,1.5953,-1.74%
5-Oct-14,1.6078,1.5959,1.6228,1.5943,0.71%
12-Oct-14,1.6095,1.6078,1.6128,1.5876,0.11%
19-Oct-14,1.6091,1.6097,1.6186,1.5996,-0.02%
26-Oct-14,1.5998,1.6099,1.6184,1.5943,-0.58%
2-Nov-14,1.5874,1.5978,1.6023,1.5791,-0.78%
9-Nov-14,1.567,1.5876,1.5946,1.5594,-1.29%
16-Nov-14,1.5655,1.5671,1.5738,1.5591,-0.10%
23-Nov-14,1.5649,1.5659,1.5828,1.5615,-0.04%
30-Nov-14,1.5583,1.5651,1.5765,1.557,-0.42%
7-Dec-14,1.572,1.5588,1.5758,1.5541,0.88%
14-Dec-14,1.5632,1.5721,1.5788,1.5546,-0.56%
21-Dec-14,1.5556,1.562,1.5668,1.5487,-0.49%
28-Dec-14,1.5328,1.5568,1.5621,1.5328,-1.47%
4-Jan-15,1.516,1.5333,1.5338,1.5034,-1.10%
11-Jan-15,1.5151,1.5186,1.5272,1.5075,-0.06%
18-Jan-15,1.499,1.517,1.5213,1.495,-1.06%
25-Jan-15,1.5069,1.4988,1.5225,1.4975,0.53%
1-Feb-15,1.5246,1.5087,1.5354,1.4989,1.17%
8-Feb-15,1.5399,1.5247,1.5425,1.5197,1.00%
15-Feb-15,1.54,1.5399,1.548,1.5316,0.01%
22-Feb-15,1.5434,1.5395,1.5554,1.5332,0.22%
1-Mar-15,1.5037,1.5437,1.5446,1.503,-2.57%
8-Mar-15,1.4744,1.5039,1.5137,1.4698,-1.95%
15-Mar-15,1.4951,1.4743,1.5149,1.4634,1.40%
22-Mar-15,1.4877,1.497,1.4995,1.4796,-0.49%
29-Mar-15,1.4921,1.4879,1.4945,1.4739,0.30%
5-Apr-15,1.4631,1.4922,1.4983,1.4587,-1.94%
12-Apr-15,1.4962,1.4634,1.5055,1.4566,2.26%
19-Apr-15,1.5189,1.4959,1.5191,1.4855,1.52%
26-Apr-15,1.5141,1.5169,1.5498,1.5107,-0.32%
3-May-15,1.5456,1.5144,1.5525,1.509,2.08%
10-May-15,1.5723,1.5446,1.5816,1.5393,1.73%
17-May-15,1.549,1.5732,1.5747,1.5447,-1.48%
24-May-15,1.5291,1.5482,1.5509,1.5236,-1.28%
31-May-15,1.5272,1.5292,1.5442,1.517,-0.12%
7-Jun-15,1.5559,1.5265,1.5602,1.5225,1.88%
14-Jun-15,1.5884,1.5563,1.593,1.5487,2.09%
21-Jun-15,1.5752,1.5869,1.5911,1.5668,-0.83%
28-Jun-15,1.5571,1.5695,1.579,1.5557,-1.15%
5-Jul-15,1.5526,1.5534,1.563,1.533,-0.29%
12-Jul-15,1.5609,1.5504,1.5675,1.545,0.53%
19-Jul-15,1.5514,1.5609,1.5672,1.5467,-0.61%
26-Jul-15,1.5624,1.551,1.5691,1.5491,0.71%
2-Aug-15,1.5496,1.5624,1.5652,1.5424,-0.82%
9-Aug-15,1.5646,1.5493,1.5661,1.5457,0.97%
16-Aug-15,1.5697,1.5642,1.5725,1.5562,0.33%
23-Aug-15,1.5393,1.57,1.5819,1.5334,-1.94%
30-Aug-15,1.5171,1.5395,1.5438,1.5163,-1.44%
6-Sep-15,1.543,1.518,1.5477,1.5171,1.71%
13-Sep-15,1.5532,1.5421,1.5659,1.5326,0.66%
20-Sep-15,1.5182,1.5534,1.5567,1.5134,-2.25%
27-Sep-15,1.5182,1.5182,1.5241,1.5106,0.00%
4-Oct-15,1.5304,1.5178,1.5384,1.5135,0.80%
11-Oct-15,1.5435,1.5319,1.551,1.5199,0.86%
18-Oct-15,1.5314,1.5432,1.5507,1.5303,-0.78%
25-Oct-15,1.5429,1.5308,1.5468,1.5241,0.75%
1-Nov-15,1.505,1.5452,1.5499,1.5026,-2.46%
8-Nov-15,1.5233,1.505,1.5266,1.5041,1.22%
15-Nov-15,1.5192,1.5237,1.5337,1.5155,-0.27%
22-Nov-15,1.5037,1.5189,1.5197,1.503,-1.02%
29-Nov-15,1.5112,1.5038,1.516,1.4895,0.50%
6-Dec-15,1.5217,1.5099,1.524,1.4956,0.69%
13-Dec-15,1.4894,1.5217,1.5232,1.4865,-2.12%
20-Dec-15,1.4933,1.4897,1.4948,1.4803,0.26%
27-Dec-15,1.4748,1.4914,1.4939,1.4727,-1.24%
3-Jan-16,1.452,1.4748,1.4815,1.4506,-1.55%
10-Jan-16,1.4258,1.4524,1.4607,1.4251,-1.80%
17-Jan-16,1.4265,1.4262,1.4364,1.4082,0.05%
24-Jan-16,1.4247,1.427,1.4416,1.4149,-0.13%
31-Jan-16,1.4503,1.4242,1.467,1.4226,1.80%
7-Feb-16,1.4507,1.4503,1.458,1.4353,0.03%
14-Feb-16,1.4406,1.4502,1.4538,1.4236,-0.70%
21-Feb-16,1.387,1.431,1.4321,1.3855,-3.72%
28-Feb-16,1.4227,1.387,1.4249,1.3836,2.57%
6-Mar-16,1.4387,1.4233,1.4438,1.4119,1.12%
13-Mar-16,1.4481,1.4385,1.4517,1.4054,0.65%
20-Mar-16,1.4143,1.448,1.448,1.4056,-2.33%
27-Mar-16,1.4226,1.4134,1.4465,1.4123,0.59%
3-Apr-16,1.4126,1.4223,1.4325,1.4008,-0.70%
10-Apr-16,1.4195,1.4123,1.4348,1.4089,0.49%
17-Apr-16,1.4403,1.4222,1.4451,1.413,1.47%
24-Apr-16,1.4613,1.4414,1.4671,1.4403,1.46%
1-May-16,1.443,1.4611,1.4771,1.4413,-1.25%
8-May-16,1.4362,1.4429,1.453,1.4339,-0.47%
15-May-16,1.4501,1.4348,1.4662,1.4331,0.97%
22-May-16,1.4625,1.4508,1.4743,1.4445,0.86%
29-May-16,1.452,1.4624,1.4724,1.4385,-0.72%
5-Jun-16,1.4258,1.4515,1.4645,1.4179,-1.80%
12-Jun-16,1.4358,1.4258,1.4388,1.4011,0.70%
19-Jun-16,1.368,1.4351,1.502,1.3226,-4.72%
26-Jun-16,1.3262,1.3564,1.3564,1.3119,-3.06%
3-Jul-16,1.2956,1.3248,1.3341,1.2798,-2.31%
10-Jul-16,1.3193,1.2951,1.3481,1.2851,1.83%
17-Jul-16,1.3111,1.3172,1.3316,1.3066,-0.62%
24-Jul-16,1.3231,1.3116,1.3305,1.306,0.92%
31-Jul-16,1.3073,1.3234,1.3376,1.3023,-1.19%
7-Aug-16,1.2923,1.306,1.3101,1.2905,-1.15%
14-Aug-16,1.3075,1.292,1.3186,1.2865,1.18%
21-Aug-16,1.3139,1.306,1.3281,1.3028,0.49%
28-Aug-16,1.3293,1.3137,1.3356,1.3061,1.17%
4-Sep-16,1.3267,1.33,1.345,1.3242,-0.20%
11-Sep-16,1.3001,1.3275,1.3353,1.2998,-2.00%
18-Sep-16,1.2974,1.2994,1.3121,1.2913,-0.21%
25-Sep-16,1.2976,1.2953,1.3059,1.2915,0.02%
2-Oct-16,1.2434,1.294,1.2948,1.1452,-4.18%
9-Oct-16,1.2187,1.2432,1.245,1.2088,-1.99%
16-Oct-16,1.2235,1.2188,1.2331,1.2136,0.39%
23-Oct-16,1.2185,1.2225,1.2275,1.2086,-0.41%
30-Oct-16,1.2519,1.2179,1.2559,1.2143,2.74%
6-Nov-16,1.2602,1.2513,1.2675,1.2351,0.66%
13-Nov-16,1.2346,1.2593,1.2614,1.23,-2.03%
20-Nov-16,1.2476,1.2347,1.2514,1.231,1.05%
27-Nov-16,1.2729,1.2477,1.2747,1.2391,2.03%
4-Dec-16,1.2576,1.2728,1.2776,1.2548,-1.20%
11-Dec-16,1.2497,1.258,1.2737,1.2382,-0.63%
18-Dec-16,1.2292,1.2493,1.2505,1.2228,-1.64%
25-Dec-16,1.2338,1.2265,1.2389,1.22,0.37%
1-Jan-17,1.2287,1.2351,1.2438,1.2205,-0.41%
8-Jan-17,1.2179,1.2268,1.2318,1.2039,-0.88%
15-Jan-17,1.2375,1.2059,1.2416,1.198,1.61%
22-Jan-17,1.2555,1.2367,1.2682,1.2361,1.45%
29-Jan-17,1.2488,1.255,1.271,1.2412,-0.53%
5-Feb-17,1.2491,1.2493,1.2585,1.2347,0.02%
12-Feb-17,1.2414,1.2475,1.255,1.2382,-0.62%
19-Feb-17,1.2468,1.2411,1.2572,1.24,0.43%
26-Feb-17,1.2295,1.247,1.2489,1.2217,-1.39%
5-Mar-17,1.2171,1.2295,1.2303,1.2136,-1.01%
12-Mar-17,1.2394,1.2163,1.2406,1.2108,1.83%
19-Mar-17,1.247,1.24,1.2532,1.2335,0.61%
26-Mar-17,1.255,1.2488,1.262,1.238,0.64%
2-Apr-17,1.2373,1.2541,1.2556,1.2363,-1.41%
9-Apr-17,1.2524,1.2381,1.2576,1.2364,1.22%
16-Apr-17,1.2813,1.2529,1.2905,1.2514,2.31%
23-Apr-17,1.2951,1.2846,1.297,1.2773,1.08%
30-Apr-17,1.2981,1.2952,1.2985,1.2831,0.23%
7-May-17,1.2891,1.298,1.2991,1.2843,-0.69%
14-May-17,1.3035,1.2889,1.3049,1.2866,1.12%
21-May-17,1.2804,1.3007,1.3043,1.2773,-1.77%
28-May-17,1.2887,1.2809,1.2924,1.2772,0.65%
4-Jun-17,1.2745,1.2853,1.2982,1.2637,-1.10%
11-Jun-17,1.2776,1.2731,1.2819,1.2638,0.24%
18-Jun-17,1.2718,1.2785,1.2815,1.2589,-0.45%
25-Jun-17,1.3027,1.273,1.3032,1.2705,2.43%
2-Jul-17,1.2892,1.3013,1.3026,1.2867,-1.04%
9-Jul-17,1.3096,1.2884,1.3115,1.281,1.58%
16-Jul-17,1.2995,1.3102,1.3129,1.2933,-0.77%
23-Jul-17,1.3135,1.2987,1.3161,1.2987,1.08%
30-Jul-17,1.3036,1.3131,1.3265,1.3022,-0.75%
6-Aug-17,1.3012,1.3026,1.3061,1.2938,-0.18%
13-Aug-17,1.2876,1.2997,1.3027,1.2834,-1.05%
20-Aug-17,1.2887,1.2871,1.2918,1.2772,0.09%
27-Aug-17,1.2951,1.2901,1.2996,1.2851,0.50%
3-Sep-17,1.3198,1.2959,1.3225,1.2909,1.91%
10-Sep-17,1.3593,1.3204,1.3617,1.316,2.99%
17-Sep-17,1.3493,1.3576,1.3658,1.345,-0.74%
24-Sep-17,1.3397,1.3492,1.3571,1.3342,-0.71%
1-Oct-17,1.3066,1.339,1.3404,1.3027,-2.47%
8-Oct-17,1.3287,1.307,1.3338,1.3056,1.69%
15-Oct-17,1.319,1.3309,1.3313,1.3087,-0.73%
22-Oct-17,1.3129,1.3187,1.3281,1.307,-0.46%
29-Oct-17,1.3076,1.3113,1.3321,1.3039,-0.40%
5-Nov-17,1.3191,1.3086,1.3232,1.3058,0.88%
12-Nov-17,1.3214,1.3183,1.3261,1.3062,0.17%
19-Nov-17,1.3337,1.3218,1.3361,1.3186,0.93%
26-Nov-17,1.3473,1.3337,1.3552,1.3221,1.02%
3-Dec-17,1.3392,1.348,1.354,1.332,-0.60%
10-Dec-17,1.3321,1.3393,1.3464,1.3302,-0.53%
17-Dec-17,1.3362,1.3328,1.3422,1.331,0.31%
24-Dec-17,1.3515,1.3358,1.3545,1.3348,1.15%
31-Dec-17,1.3571,1.3515,1.3615,1.3494,0.41%
7-Jan-18,1.3729,1.3573,1.3743,1.3458,1.16%
14-Jan-18,1.3852,1.3731,1.3947,1.3722,0.90%
21-Jan-18,1.417,1.3881,1.4346,1.3858,2.30%
28-Jan-18,1.4123,1.4163,1.428,1.398,-0.33%
4-Feb-18,1.3838,1.4131,1.4152,1.3765,-2.02%
11-Feb-18,1.4042,1.3827,1.4146,1.3797,1.47%
18-Feb-18,1.3967,1.4035,1.4051,1.3858,-0.53%
25-Feb-18,1.3805,1.3975,1.4072,1.3713,-1.16%
4-Mar-18,1.3849,1.3798,1.3931,1.3767,0.32%
11-Mar-18,1.3941,1.3853,1.3998,1.384,0.66%
18-Mar-18,1.4134,1.3932,1.4218,1.3912,1.38%
25-Mar-18,1.4018,1.4142,1.4246,1.4009,-0.82%
1-Apr-18,1.4092,1.4026,1.4106,1.3965,0.53%
8-Apr-18,1.4241,1.4098,1.4298,1.4077,1.06%
15-Apr-18,1.4004,1.4252,1.4378,1.3994,-1.66%
22-Apr-18,1.378,1.402,1.4033,1.3747,-1.60%
29-Apr-18,1.3533,1.3787,1.3795,1.3487,-1.79%
6-May-18,1.3543,1.3537,1.3619,1.3459,0.07%
13-May-18,1.3474,1.3547,1.3611,1.3452,-0.51%
20-May-18,1.3309,1.3472,1.3493,1.3294,-1.22%
27-May-18,1.3348,1.3306,1.3363,1.3204,0.29%
3-Jun-18,1.3412,1.3337,1.3473,1.3294,0.48%
10-Jun-18,1.3285,1.3404,1.3449,1.3212,-0.95%
17-Jun-18,1.327,1.3261,1.3316,1.31,-0.11%
24-Jun-18,1.3209,1.3275,1.3294,1.305,-0.46%
1-Jul-18,1.3285,1.3182,1.3293,1.3095,0.58%
8-Jul-18,1.3235,1.3304,1.3364,1.3103,-0.38%
15-Jul-18,1.3134,1.3229,1.3294,1.2957,-0.76%
22-Jul-18,1.3104,1.3122,1.3215,1.3071,-0.23%
29-Jul-18,1.3008,1.3095,1.3175,1.2975,-0.73%
5-Aug-18,1.2769,1.3011,1.3019,1.2723,-1.84%
12-Aug-18,1.2752,1.2769,1.2828,1.2663,-0.13%
19-Aug-18,1.2845,1.274,1.2938,1.2729,0.73%
26-Aug-18,1.2963,1.284,1.3046,1.283,0.92%
2-Sep-18,1.2924,1.2972,1.3031,1.2786,-0.30%
9-Sep-18,1.3068,1.2935,1.3143,1.2896,1.11%
16-Sep-18,1.3077,1.3068,1.3298,1.3054,0.07%
23-Sep-18,1.3031,1.3069,1.3219,1.3,-0.35%
30-Sep-18,1.3123,1.3031,1.3126,1.292,0.71%
7-Oct-18,1.3155,1.3108,1.3259,1.3028,0.24%
14-Oct-18,1.3072,1.3139,1.3236,1.3011,-0.63%
21-Oct-18,1.2833,1.307,1.3093,1.2777,-1.83%
28-Oct-18,1.2973,1.2829,1.3042,1.2696,1.09%
4-Nov-18,1.2976,1.3026,1.3176,1.2958,0.02%
11-Nov-18,1.2839,1.296,1.3073,1.2724,-1.06%
18-Nov-18,1.2814,1.2829,1.2928,1.2763,-0.19%
25-Nov-18,1.2752,1.2853,1.2865,1.2725,-0.48%
2-Dec-18,1.2729,1.277,1.2841,1.2659,-0.18%
9-Dec-18,1.2584,1.2728,1.276,1.2476,-1.14%
16-Dec-18,1.2631,1.2591,1.2708,1.2569,0.37%
23-Dec-18,1.2707,1.2652,1.2744,1.2616,0.60%
30-Dec-18,1.2728,1.2682,1.2816,1.2438,0.17%
6-Jan-19,1.2843,1.2729,1.2867,1.2706,0.90%
13-Jan-19,1.2875,1.2849,1.3002,1.267,0.25%
20-Jan-19,1.3203,1.2884,1.3218,1.283,2.55%
27-Jan-19,1.3086,1.3196,1.3215,1.3043,-0.89%
3-Feb-19,1.2948,1.3084,1.3104,1.2853,-1.05%
10-Feb-19,1.2891,1.295,1.2959,1.2772,-0.44%
17-Feb-19,1.3054,1.2892,1.311,1.2891,1.26%
24-Feb-19,1.3204,1.3075,1.3351,1.3041,1.15%
3-Mar-19,1.3017,1.3236,1.3276,1.2991,-1.42%
10-Mar-19,1.3291,1.3019,1.3385,1.2949,2.10%
17-Mar-19,1.3212,1.3288,1.3313,1.3006,-0.59%
24-Mar-19,1.3033,1.3207,1.3271,1.2978,-1.35%
31-Mar-19,1.3037,1.3037,1.3197,1.2987,0.03%
7-Apr-19,1.3083,1.3036,1.3135,1.3021,0.35%
14-Apr-19,1.2993,1.308,1.3124,1.2982,-0.69%
21-Apr-19,1.2919,1.2996,1.302,1.2866,-0.57%
28-Apr-19,1.3174,1.2928,1.3178,1.2905,1.97%
5-May-19,1.3,1.3114,1.3172,1.2968,-1.32%
12-May-19,1.272,1.2999,1.3042,1.2713,-2.15%
19-May-19,1.2713,1.272,1.2814,1.2605,-0.06%
26-May-19,1.2632,1.2728,1.2756,1.2558,-0.64%
2-Jun-19,1.2736,1.2628,1.2764,1.2609,0.82%
9-Jun-19,1.2592,1.2732,1.276,1.258,-1.13%
16-Jun-19,1.2742,1.26,1.275,1.2506,1.19%
23-Jun-19,1.2695,1.2723,1.2785,1.2662,-0.37%
30-Jun-19,1.2525,1.2694,1.2709,1.2481,-1.34%
7-Jul-19,1.2575,1.2518,1.2581,1.244,0.40%
14-Jul-19,1.2502,1.2572,1.258,1.2382,-0.58%
21-Jul-19,1.2383,1.251,1.2525,1.2376,-0.95%
28-Jul-19,1.2155,1.2387,1.2389,1.2079,-1.84%
4-Aug-19,1.2037,1.2145,1.2211,1.2025,-0.97%
11-Aug-19,1.215,1.2048,1.2176,1.2014,0.94%
18-Aug-19,1.2279,1.2148,1.2294,1.2065,1.06%
25-Aug-19,1.2158,1.2264,1.2309,1.2139,-0.99%
1-Sep-19,1.2282,1.2149,1.2354,1.1958,1.02%
8-Sep-19,1.2502,1.2268,1.2508,1.2232,1.79%
15-Sep-19,1.2479,1.2502,1.2583,1.2391,-0.18%
22-Sep-19,1.2289,1.2468,1.2503,1.227,-1.52%
29-Sep-19,1.2333,1.2289,1.2414,1.2207,0.36%
6-Oct-19,1.2649,1.2327,1.2707,1.2194,2.56%
13-Oct-19,1.2973,1.2625,1.299,1.2514,2.56%
20-Oct-19,1.2823,1.2926,1.3014,1.2788,-1.16%
27-Oct-19,1.2935,1.2826,1.2976,1.2806,0.87%
3-Nov-19,1.2772,1.2944,1.2948,1.2769,-1.26%
10-Nov-19,1.2901,1.2778,1.2921,1.2778,1.01%
17-Nov-19,1.2832,1.2905,1.2986,1.2824,-0.53%
24-Nov-19,1.2934,1.285,1.2951,1.2826,0.79%
1-Dec-19,1.3137,1.2918,1.3168,1.2896,1.57%
8-Dec-19,1.3326,1.3137,1.3516,1.3051,1.44%
15-Dec-19,1.3004,1.3336,1.3424,1.2978,-2.42%
22-Dec-19,1.3077,1.2993,1.3118,1.2904,0.56%
29-Dec-19,1.3088,1.3067,1.3284,1.3054,0.08%
5-Jan-20,1.3061,1.3075,1.3213,1.3013,-0.21%
12-Jan-20,1.301,1.3056,1.3119,1.2952,-0.39%
19-Jan-20,1.3077,1.3002,1.3173,1.2961,0.51%
26-Jan-20,1.3201,1.3075,1.321,1.2976,0.95%
2-Feb-20,1.2893,1.3216,1.3216,1.2881,-2.33%
9-Feb-20,1.3047,1.2896,1.307,1.2871,1.19%
16-Feb-20,1.2971,1.3036,1.3056,1.2848,-0.58%
23-Feb-20,1.2821,1.2959,1.3018,1.2725,-1.16%
1-Mar-20,1.305,1.2801,1.3058,1.2738,1.79%
8-Mar-20,1.2277,1.3047,1.32,1.2267,-5.92%
15-Mar-20,1.1643,1.2285,1.2431,1.1409,-5.17%
22-Mar-20,1.1503,1.1635,1.1741,1.1448,-1.19%